rounds_played,start_time,end_time,my_health,opp_health,my_avg_dist_m,opp_avg_dist_m,my_avg_dist_km,opp_avg_dist_km,game_mode,is_rated,is_team_duels,result
5,2025-11-15 13:26:17.401000+00:00,2025-11-15 13:28:58.981000+00:00,6000.0,0.0,35295.36,631251.53,35.3,631.25,StandardDuels,True,False,W
8,2025-11-15 13:30:29.965000+00:00,2025-11-15 13:36:58.478000+00:00,6000.0,0.0,837877.37,3262856.76,837.88,3262.86,StandardDuels,True,False,W
10,2025-11-15 13:38:19.844000+00:00,2025-11-15 13:46:12.725000+00:00,6000.0,0.0,1436283.41,3887016.93,1436.28,3887.02,StandardDuels,True,False,W
5,2025-11-15 13:47:17.487000+00:00,2025-11-15 13:52:42.849000+00:00,0.0,2577.0,1165952.08,695767.66,1165.95,695.77,StandardDuels,True,False,L
6,2025-11-15 13:53:09.091000+00:00,2025-11-15 13:57:42.770000+00:00,6000.0,0.0,1102146.31,2679934.16,1102.15,2679.93,StandardDuels,True,False,W
5,2025-11-15 13:59:30.741000+00:00,2025-11-15 14:04:14.285000+00:00,3958.0,0.0,283444.38,3096458.75,283.44,3096.46,StandardDuels,True,False,W
8,2025-11-15 14:06:43.685000+00:00,2025-11-15 14:13:33.122000+00:00,0.0,4034.0,439112.36,384680.79,439.11,384.68,StandardDuels,True,False,L
9,2025-11-15 14:14:20.244000+00:00,2025-11-15 14:21:31.737000+00:00,3574.0,0.0,4272405.46,5337769.1,4272.41,5337.77,StandardDuels,True,False,W
8,2025-11-15 14:21:58.110000+00:00,2025-11-15 14:29:02.767000+00:00,2354.0,0.0,700949.18,2036860.76,700.95,2036.86,StandardDuels,True,False,W
6,2025-11-15 14:29:32.892000+00:00,2025-11-15 14:34:30.560000+00:00,0.0,776.0,2793519.47,1574461.55,2793.52,1574.46,StandardDuels,True,False,L
6,2025-11-15 14:35:28.009000+00:00,2025-11-15 14:40:02.495000+00:00,6000.0,0.0,1143741.14,2826627.7,1143.74,2826.63,StandardDuels,True,False,W
4,2025-11-15 14:55:40.617000+00:00,2025-11-15 14:58:30.766000+00:00,5765.0,0.0,221809.86,1051280.3,221.81,1051.28,StandardDuels,True,False,W
6,2025-11-15 14:58:56.897000+00:00,2025-11-15 15:04:24.707000+00:00,1811.0,0.0,256651.86,1308023.75,256.65,1308.02,StandardDuels,True,False,W
6,2025-11-15 16:35:01.023000+00:00,2025-11-15 16:40:22.624000+00:00,0.0,1078.0,838446.54,1644845.3,838.44,1644.84,StandardDuels,True,False,L
7,2025-11-15 16:40:35.764000+00:00,2025-11-15 16:45:54.802000+00:00,6000.0,0.0,286909.37,693860.41,286.91,693.86,StandardDuels,True,False,W
4,2025-11-15 16:46:49.352000+00:00,2025-11-15 16:49:26.895000+00:00,5998.0,0.0,74376.14,691106.31,74.38,691.1,StandardDuels,True,False,W
7,2025-11-15 16:49:35.472000+00:00,2025-11-15 16:57:04.895000+00:00,1435.0,0.0,822939.06,917317.61,822.94,917.32,StandardDuels,True,False,W
6,2025-11-15 16:58:02.447000+00:00,2025-11-15 17:03:24.486000+00:00,6000.0,0.0,464953.73,980703.33,464.96,980.7,StandardDuels,True,False,W
7,2025-11-15 17:03:48.082000+00:00,2025-11-15 17:09:44.422000+00:00,5918.0,0.0,210064.01,519242.91,210.06,519.24,StandardDuels,True,False,W
3,2025-11-15 17:48:09.596000+00:00,2025-11-15 17:52:14.545000+00:00,6000.0,0.0,182030.52,1426964.59,182.03,1426.96,StandardDuels,True,False,W
2,2025-11-15 17:53:04.591000+00:00,2025-11-15 17:54:10.404000+00:00,6000.0,0.0,330777.97,15432152.31,330.78,15432.16,StandardDuels,True,False,W
3,2025-11-15 19:46:22.635000+00:00,2025-11-15 19:49:23.866000+00:00,0.0,6000.0,4273597.81,151946.22,4273.6,151.95,StandardDuels,True,False,L
3,2025-11-15 19:49:45.044000+00:00,2025-11-15 19:51:40.533000+00:00,6000.0,0.0,69653.97,2062538.39,69.65,2062.54,StandardDuels,True,False,W
6,2025-11-16 11:25:51.579000+00:00,2025-11-16 11:31:54.353000+00:00,704.0,0.0,1569656.28,1016716.16,1569.66,1016.72,StandardDuels,True,False,W
7,2025-11-16 11:32:16.042000+00:00,2025-11-16 11:38:16.722000+00:00,0.0,5969.0,897021.54,66353.72,897.02,66.35,StandardDuels,True,False,L
5,2025-11-16 11:40:07.397000+00:00,2025-11-16 11:44:04.045000+00:00,5969.0,0.0,227318.32,3747865.1,227.32,3747.87,StandardDuels,True,False,W
4,2025-11-16 11:44:34.664000+00:00,2025-11-16 11:47:02.072000+00:00,6000.0,0.0,760801.66,3693823.07,760.8,3693.82,StandardDuels,True,False,W
6,2025-11-16 11:47:34.541000+00:00,2025-11-16 11:53:45.138000+00:00,0.0,3085.0,1210811.86,723880.64,1210.81,723.88,StandardDuels,True,False,L
4,2025-11-16 11:54:03.990000+00:00,2025-11-16 11:58:11.366000+00:00,6000.0,0.0,231347.83,4614540.56,231.35,4614.54,StandardDuels,True,False,W
4,2025-11-16 11:58:23.994000+00:00,2025-11-16 12:01:22.412000+00:00,0.0,6000.0,3966276.81,734946.52,3966.28,734.95,StandardDuels,True,False,L
5,2025-11-16 12:01:41.021000+00:00,2025-11-16 12:05:58.127000+00:00,5839.0,0.0,752959.59,2762662.85,752.96,2762.66,StandardDuels,True,False,W
6,2025-11-16 12:06:10.020000+00:00,2025-11-16 12:10:39.109000+00:00,2297.0,0.0,832207.07,2112975.06,832.21,2112.98,StandardDuels,True,False,W
7,2025-11-16 15:36:12.085000+00:00,2025-11-16 15:41:31.345000+00:00,4661.0,0.0,63903.15,1588302.72,63.9,1588.3,StandardDuels,True,False,W
5,2025-11-16 15:41:48.870000+00:00,2025-11-16 15:45:41.555000+00:00,5445.0,0.0,856539.77,3158254.59,856.54,3158.26,StandardDuels,True,False,W
6,2025-11-16 15:45:58.145000+00:00,2025-11-16 15:49:35.236000+00:00,4823.0,0.0,1004355.77,1503551.26,1004.36,1503.55,StandardDuels,True,False,W
8,2025-11-16 16:17:07.632000+00:00,2025-11-16 16:27:41.611000+00:00,5508.0,0.0,1373142.82,3506590.1,1373.14,3506.59,StandardDuels,True,False,W
6,2025-11-16 18:36:00.524000+00:00,2025-11-16 18:41:12.630000+00:00,2777.0,0.0,625785.76,822433.06,625.79,822.43,StandardDuels,True,False,W
4,2025-11-16 18:41:38.965000+00:00,2025-11-16 18:45:01.704000+00:00,0.0,1586.0,1339203.69,712700.89,1339.2,712.7,StandardDuels,True,False,L
7,2025-11-16 19:09:01.737000+00:00,2025-11-16 19:14:19.689000+00:00,6000.0,0.0,1726174.81,6341349.19,1726.17,6341.35,StandardDuels,True,False,W
3,2025-11-16 21:45:35.727000+00:00,2025-11-16 21:48:07.630000+00:00,4025.0,0.0,753806.38,4630799.25,753.81,4630.8,StandardDuels,True,False,W
7,2025-11-16 21:48:21.821000+00:00,2025-11-16 21:53:48.315000+00:00,150.0,0.0,1879714.52,1057989.84,1879.71,1057.99,StandardDuels,True,False,W
4,2025-11-16 21:53:58.915000+00:00,2025-11-16 21:57:45.868000+00:00,0.0,6000.0,1572400.49,553148.0,1572.4,553.15,StandardDuels,True,False,L
4,2025-11-16 21:57:52.336000+00:00,2025-11-16 22:00:43.695000+00:00,5170.0,0.0,160865.76,2112593.2,160.86,2112.59,StandardDuels,True,False,W
3,2025-11-16 22:00:51.781000+00:00,2025-11-16 22:02:47.818000+00:00,6000.0,0.0,12639.64,4301963.2,12.64,4301.96,StandardDuels,True,False,W
6,2025-11-16 22:03:04.756000+00:00,2025-11-16 22:09:56.732000+00:00,0.0,4758.0,771497.62,336487.4,771.5,336.48,StandardDuels,True,False,L
5,2025-11-16 22:10:09.615000+00:00,2025-11-16 22:15:27.756000+00:00,5944.0,0.0,223543.78,1074972.11,223.55,1074.97,StandardDuels,True,False,W
8,2025-11-16 22:58:56.398000+00:00,2025-11-16 23:04:54.468000+00:00,0.0,2753.0,760531.64,470115.39,760.53,470.12,StandardDuels,True,False,L
3,2025-11-16 23:05:12.625000+00:00,2025-11-16 23:07:40.462000+00:00,6000.0,0.0,626467.76,4602189.92,626.47,4602.19,StandardDuels,True,False,W
6,2025-11-16 23:07:59.554000+00:00,2025-11-16 23:12:34.251000+00:00,0.0,1896.0,623191.75,423642.0,623.19,423.64,StandardDuels,True,False,L
3,2025-11-16 23:13:01.363000+00:00,2025-11-16 23:14:27.222000+00:00,6000.0,0.0,396513.33,1996320.21,396.51,1996.32,StandardDuels,True,False,W
5,2025-11-16 23:16:37.539000+00:00,2025-11-16 23:22:08.368000+00:00,0.0,4888.0,3014217.86,469244.17,3014.22,469.24,StandardDuels,True,False,L
2,2025-11-16 23:22:25.346000+00:00,2025-11-16 23:23:54.060000+00:00,6000.0,0.0,18530.89,8302155.79,18.53,8302.15,StandardDuels,True,False,W
7,2025-11-16 23:24:16.095000+00:00,2025-11-16 23:30:50.918000+00:00,0.0,1592.0,1523334.91,1086334.55,1523.33,1086.34,StandardDuels,True,False,L
5,2025-11-16 23:31:13.333000+00:00,2025-11-16 23:34:31.260000+00:00,6000.0,0.0,189196.24,1444886.37,189.2,1444.89,StandardDuels,True,False,W
6,2025-11-17 00:37:25.118000+00:00,2025-11-17 00:42:09.343000+00:00,0.0,5996.0,603224.74,160323.98,603.22,160.32,StandardDuels,True,False,L
3,2025-11-17 00:42:30.845000+00:00,2025-11-17 00:43:53.567000+00:00,6000.0,0.0,82252.98,4632272.55,82.25,4632.27,StandardDuels,True,False,W
9,2025-11-17 00:44:05.610000+00:00,2025-11-17 00:50:41.522000+00:00,5131.0,0.0,394822.34,528857.6,394.82,528.86,StandardDuels,True,False,W
8,2025-11-17 00:52:14.264000+00:00,2025-11-17 01:00:22.247000+00:00,2458.0,0.0,214393.58,487225.7,214.39,487.23,StandardDuels,True,False,W
4,2025-11-17 11:10:50.032000+00:00,2025-11-17 11:14:33.218000+00:00,6000.0,0.0,133005.89,2442004.99,133.01,2442.0,StandardDuels,True,False,W
5,2025-11-17 11:14:58.716000+00:00,2025-11-17 11:19:01.452000+00:00,1602.0,0.0,3237479.96,4680283.54,3237.48,4680.29,StandardDuels,True,False,W
7,2025-11-17 11:19:55.572000+00:00,2025-11-17 11:25:36.569000+00:00,4190.0,0.0,711435.86,934454.95,711.44,934.46,StandardDuels,True,False,W
6,2025-11-17 12:42:33.296000+00:00,2025-11-17 12:46:55.476000+00:00,5994.0,0.0,610409.6,2479011.85,610.41,2479.01,StandardDuels,True,False,W
4,2025-11-17 12:47:30.859000+00:00,2025-11-17 12:50:16.326000+00:00,6000.0,0.0,205264.33,1315994.09,205.26,1316.0,StandardDuels,True,False,W
7,2025-11-17 12:50:30.017000+00:00,2025-11-17 12:57:28.855000+00:00,0.0,4076.0,1276688.22,546769.65,1276.69,546.77,StandardDuels,True,False,L
7,2025-11-17 12:57:36.398000+00:00,2025-11-17 13:02:21.876000+00:00,5969.0,0.0,2212012.84,4110025.68,2212.01,4110.03,StandardDuels,True,False,W
5,2025-11-17 13:02:49.054000+00:00,2025-11-17 13:06:43.337000+00:00,4198.0,0.0,230761.01,1203850.8,230.76,1203.85,StandardDuels,True,False,W
3,2025-11-17 13:17:33.945000+00:00,2025-11-17 13:20:19.545000+00:00,5824.0,0.0,102180.49,3431649.16,102.18,3431.65,StandardDuels,True,False,W
5,2025-11-17 13:20:39.212000+00:00,2025-11-17 13:24:26.864000+00:00,0.0,4717.0,868838.03,465660.9,868.84,465.66,StandardDuels,True,False,L
2,2025-11-17 13:58:41.311000+00:00,2025-11-17 13:59:36.201000+00:00,6000.0,0.0,527037.56,5331310.21,527.04,5331.31,StandardDuels,True,False,W
9,2025-11-17 14:00:09.838000+00:00,2025-11-17 14:08:40.257000+00:00,2007.0,0.0,1218839.4,2426824.66,1218.84,2426.82,StandardDuels,True,False,W
3,2025-11-17 14:09:06.183000+00:00,2025-11-17 14:11:42.669000+00:00,5993.0,0.0,70112.7,1353126.35,70.11,1353.12,StandardDuels,True,False,W
6,2025-11-17 14:11:51.818000+00:00,2025-11-17 14:17:04.711000+00:00,705.0,0.0,1055270.66,963287.33,1055.27,963.29,StandardDuels,True,False,W
3,2025-11-17 14:17:26.247000+00:00,2025-11-17 14:20:10.325000+00:00,6000.0,0.0,157217.35,1158480.79,157.21,1158.48,StandardDuels,True,False,W
7,2025-11-17 14:20:40.104000+00:00,2025-11-17 14:24:51.916000+00:00,2736.0,0.0,554813.58,701253.79,554.81,701.25,StandardDuels,True,False,W
3,2025-11-17 14:26:39.176000+00:00,2025-11-17 14:28:36.905000+00:00,0.0,6000.0,9494129.33,341743.05,9494.13,341.74,StandardDuels,True,False,L
6,2025-11-17 14:38:40.543000+00:00,2025-11-17 14:43:03.433000+00:00,6000.0,0.0,721346.03,1350070.43,721.35,1350.07,StandardDuels,True,False,W
5,2025-11-17 14:49:18.052000+00:00,2025-11-17 14:53:05.890000+00:00,2069.0,0.0,1089499.18,2531455.78,1089.5,2531.46,StandardDuels,True,False,W
5,2025-11-17 17:27:52.022000+00:00,2025-11-17 17:33:09.939000+00:00,3311.0,0.0,3463077.87,1167038.31,3463.08,1167.04,StandardDuels,True,False,W
4,2025-11-17 17:33:38.311000+00:00,2025-11-17 17:35:38.522000+00:00,0.0,1002.0,2661849.41,1540367.85,2661.85,1540.37,StandardDuels,True,False,L
9,2025-11-17 17:35:55.483000+00:00,2025-11-17 17:41:43.259000+00:00,6000.0,0.0,897397.28,1069016.14,897.4,1069.02,StandardDuels,True,False,W
2,2025-11-17 17:42:17.425000+00:00,2025-11-17 17:43:27.805000+00:00,6000.0,0.0,49296.32,7053251.62,49.29,7053.25,StandardDuels,True,False,W
15,2025-11-17 18:37:04.414000+00:00,2025-11-17 18:47:24.961000+00:00,0.0,4953.0,292581.12,166699.87,292.58,166.7,StandardDuels,True,False,L
2,2025-11-17 18:59:30.315000+00:00,2025-11-17 19:00:51.208000+00:00,6000.0,0.0,46024.12,3487906.16,46.02,3487.9,StandardDuels,True,False,W
6,2025-11-17 20:02:14.186000+00:00,2025-11-17 20:07:42.464000+00:00,0.0,1496.0,968668.28,739663.96,968.67,739.66,StandardDuels,True,False,L
5,2025-11-17 20:08:13.019000+00:00,2025-11-17 20:11:21.923000+00:00,5487.0,0.0,33031.87,1931740.39,33.03,1931.74,StandardDuels,True,False,W
5,2025-11-17 21:57:25.415000+00:00,2025-11-17 22:01:20.780000+00:00,4913.0,0.0,178531.67,822471.26,178.53,822.47,StandardDuels,True,False,W
8,2025-11-18 11:42:37.763000+00:00,2025-11-18 11:52:13.990000+00:00,0.0,4822.0,1525032.92,189588.07,1525.03,189.59,StandardDuels,True,False,L
3,2025-11-18 11:53:00.741000+00:00,2025-11-18 11:55:35.981000+00:00,6000.0,0.0,45025.77,1709429.29,45.03,1709.43,StandardDuels,True,False,W
5,2025-11-18 11:56:27.360000+00:00,2025-11-18 12:02:45.639000+00:00,0.0,4585.0,1766529.74,620841.2,1766.53,620.84,StandardDuels,True,False,L
5,2025-11-18 12:03:05.748000+00:00,2025-11-18 12:06:54.481000+00:00,6000.0,0.0,422865.71,2780073.75,422.87,2780.07,StandardDuels,True,False,W
4,2025-11-18 12:18:59.508000+00:00,2025-11-18 12:22:01.764000+00:00,0.0,6000.0,4694608.71,790232.49,4694.61,790.23,StandardDuels,True,False,L
5,2025-11-18 17:14:48.074000+00:00,2025-11-18 17:18:10.753000+00:00,6000.0,0.0,332156.79,1371194.47,332.16,1371.2,StandardDuels,True,False,W
2,2025-11-18 17:20:31.811000+00:00,2025-11-18 17:21:56.950000+00:00,6000.0,0.0,70167.27,9936382.63,70.16,9936.38,StandardDuels,True,False,W
7,2025-11-18 17:22:18.470000+00:00,2025-11-18 17:28:08.596000+00:00,0.0,4076.0,433293.17,368843.96,433.29,368.84,StandardDuels,True,False,L
5,2025-11-18 17:31:59.239000+00:00,2025-11-18 17:34:59.551000+00:00,6000.0,0.0,87474.98,989093.7,87.47,989.09,StandardDuels,True,False,W
9,2025-11-18 17:36:18.755000+00:00,2025-11-18 17:42:07.083000+00:00,1762.0,0.0,366498.11,186585.22,366.5,186.59,StandardDuels,True,False,W
5,2025-11-18 17:43:33.933000+00:00,2025-11-18 17:46:58.298000+00:00,0.0,6000.0,1751409.18,642347.74,1751.41,642.35,StandardDuels,True,False,L
2,2025-11-18 17:47:16.689000+00:00,2025-11-18 17:48:18.823000+00:00,6000.0,0.0,9349.05,1964472.09,9.35,1964.47,StandardDuels,True,False,W
6,2025-11-18 17:48:43.490000+00:00,2025-11-18 17:52:39.470000+00:00,0.0,5610.0,2011745.64,1439575.64,2011.75,1439.57,StandardDuels,True,False,L
7,2025-11-18 17:54:30.926000+00:00,2025-11-18 17:59:00.565000+00:00,6000.0,0.0,808551.02,2341928.14,808.55,2341.93,StandardDuels,True,False,W
7,2025-11-19 00:31:49.309000+00:00,2025-11-19 00:38:20.336000+00:00,4823.0,0.0,235800.55,560731.54,235.8,560.73,StandardDuels,True,False,W
6,2025-11-19 09:05:40.169000+00:00,2025-11-19 09:10:46.596000+00:00,3979.0,1253.0,168421.54,282602.55,168.42,282.6,StandardDuels,True,False,W
7,2025-11-19 09:13:54.890000+00:00,2025-11-19 09:18:03.084000+00:00,6000.0,0.0,1141264.71,3587169.75,1141.27,3587.17,StandardDuels,True,False,W
5,2025-11-19 09:18:23.531000+00:00,2025-11-19 09:22:45.461000+00:00,5994.0,0.0,246439.67,954950.47,246.44,954.95,StandardDuels,True,False,W
8,2025-11-19 13:09:36.813000+00:00,2025-11-19 13:17:42.410000+00:00,0.0,345.0,1496245.03,2285859.98,1496.24,2285.86,StandardDuels,True,False,L
5,2025-11-19 13:28:45.382000+00:00,2025-11-19 13:31:54.332000+00:00,2160.0,0.0,760183.13,1280894.76,760.18,1280.9,StandardDuels,True,False,W
6,2025-11-20 10:55:08.113000+00:00,2025-11-20 11:00:24.140000+00:00,5305.0,0.0,183890.74,1430314.64,183.89,1430.31,StandardDuels,True,False,W
4,2025-11-20 21:07:31.533000+00:00,2025-11-20 21:10:22.537000+00:00,6000.0,0.0,146583.64,1994786.78,146.58,1994.78,StandardDuels,True,False,W
5,2025-11-20 21:10:44.952000+00:00,2025-11-20 21:14:30.853000+00:00,0.0,5985.0,3598994.8,117903.94,3598.99,117.9,StandardDuels,True,False,L
3,2025-11-20 21:58:07.521000+00:00,2025-11-20 21:59:51.093000+00:00,6000.0,0.0,323915.66,6777790.49,323.92,6777.79,StandardDuels,True,False,W
5,2025-11-21 12:56:28.241000+00:00,2025-11-21 12:59:13.414000+00:00,5696.0,0.0,387408.96,893967.93,387.41,893.97,StandardDuels,True,False,W
7,2025-11-21 13:01:29.210000+00:00,2025-11-21 13:10:10.178000+00:00,0.0,5933.0,1169471.9,209448.66,1169.47,209.45,StandardDuels,True,False,L
7,2025-11-22 00:24:20.047000+00:00,2025-11-22 00:28:21.815000+00:00,4898.0,0.0,1454242.23,2760576.12,1454.24,2760.58,StandardDuels,True,False,W
7,2025-11-22 14:41:21.196000+00:00,2025-11-22 14:47:08.069000+00:00,0.0,1068.0,1901200.0,850407.63,1901.2,850.41,StandardDuels,True,False,L
6,2025-11-22 14:50:11.227000+00:00,2025-11-22 14:54:00.184000+00:00,6000.0,0.0,592039.35,1327434.06,592.04,1327.43,StandardDuels,True,False,W
6,2025-11-22 22:39:34.068000+00:00,2025-11-22 22:43:32.213000+00:00,0.0,930.0,889967.15,1427546.81,889.97,1427.55,StandardDuels,True,False,L
7,2025-11-22 22:44:14.115000+00:00,2025-11-22 22:48:14.108000+00:00,4982.0,0.0,373574.49,1425714.33,373.57,1425.71,StandardDuels,True,False,W
3,2025-11-23 11:51:58.786000+00:00,2025-11-23 11:55:04.349000+00:00,5463.0,0.0,125225.33,2720011.54,125.22,2720.01,StandardDuels,True,False,W
5,2025-11-23 14:03:47.677000+00:00,2025-11-23 14:06:53.514000+00:00,0.0,5988.0,484174.44,42833.97,484.17,42.83,StandardDuels,True,False,L
4,2025-11-23 14:07:52.098000+00:00,2025-11-23 14:10:28.127000+00:00,6000.0,0.0,56324.3,1491356.08,56.32,1491.36,StandardDuels,True,False,W
7,2025-11-23 14:11:08.696000+00:00,2025-11-23 14:15:22.198000+00:00,1243.0,0.0,523509.75,453720.17,523.51,453.72,StandardDuels,True,False,W
6,2025-11-23 14:16:44.693000+00:00,2025-11-23 14:22:34.169000+00:00,3594.0,0.0,569876.45,1245892.7,569.88,1245.89,StandardDuels,True,False,W
8,2025-11-23 14:23:29.545000+00:00,2025-11-23 14:31:59.679000+00:00,0.0,2246.0,1747767.96,717834.89,1747.77,717.83,StandardDuels,True,False,L
5,2025-11-23 14:32:51.809000+00:00,2025-11-23 14:36:01.636000+00:00,5996.0,0.0,280141.32,817576.45,280.14,817.58,StandardDuels,True,False,W
5,2025-11-23 14:37:07.782000+00:00,2025-11-23 14:40:24.252000+00:00,5901.0,0.0,151003.91,862988.24,151.01,862.99,StandardDuels,True,False,W
8,2025-11-23 22:18:45.314000+00:00,2025-11-23 22:24:30.728000+00:00,0.0,2026.0,280357.45,463831.29,280.36,463.83,StandardDuels,True,False,L
3,2025-11-23 22:24:52.426000+00:00,2025-11-23 22:26:35.936000+00:00,6000.0,0.0,72730.05,6354329.95,72.73,6354.33,StandardDuels,True,False,W
5,2025-11-24 11:12:05.589000+00:00,2025-11-24 11:15:40.665000+00:00,6000.0,0.0,486445.9,1274149.57,486.45,1274.15,StandardDuels,True,False,W
4,2025-11-24 11:22:38.642000+00:00,2025-11-24 11:25:27.900000+00:00,6000.0,0.0,100630.32,1347880.19,100.63,1347.88,StandardDuels,True,False,W
7,2025-11-24 14:47:11.158000+00:00,2025-11-24 14:51:17.348000+00:00,4686.0,0.0,413766.33,766958.54,413.77,766.96,StandardDuels,True,False,W
4,2025-11-24 14:53:44.677000+00:00,2025-11-24 14:56:38.582000+00:00,1940.0,0.0,569002.92,625932.12,569.0,625.93,StandardDuels,True,False,W
3,2025-11-24 14:56:58.552000+00:00,2025-11-24 14:59:12.621000+00:00,6000.0,0.0,4492.77,1866185.41,4.49,1866.19,StandardDuels,True,False,W
6,2025-11-24 19:06:46.140000+00:00,2025-11-24 19:10:53.721000+00:00,6000.0,0.0,1038171.99,2820632.15,1038.17,2820.63,StandardDuels,True,False,W
5,2025-11-25 16:29:33.605000+00:00,2025-11-25 16:32:38.313000+00:00,5232.0,0.0,191413.91,612539.42,191.41,612.54,StandardDuels,True,False,W
9,2025-11-26 14:22:51.652000+00:00,2025-11-26 14:29:08.233000+00:00,2306.0,0.0,261152.84,195159.09,261.15,195.16,StandardDuels,True,False,W
3,2025-11-26 14:31:24.396000+00:00,2025-11-26 14:33:41.459000+00:00,6000.0,0.0,3702.3,995585.8,3.7,995.59,StandardDuels,True,False,W
5,2025-11-26 14:34:26.279000+00:00,2025-11-26 14:38:09.742000+00:00,6000.0,0.0,226856.71,663754.98,226.85,663.76,StandardDuels,True,False,W
3,2025-11-26 17:01:05.776000+00:00,2025-11-26 17:02:53.944000+00:00,6000.0,0.0,5572.63,2401616.18,5.57,2401.62,StandardDuels,True,False,W
5,2025-11-26 17:03:20.770000+00:00,2025-11-26 17:06:50.558000+00:00,0.0,5488.0,709591.39,209599.21,709.59,209.6,StandardDuels,True,False,L
5,2025-11-26 17:07:15.329000+00:00,2025-11-26 17:09:52.295000+00:00,6000.0,0.0,100395.67,1973299.09,100.4,1973.3,StandardDuels,True,False,W
9,2025-11-26 17:10:01.713000+00:00,2025-11-26 17:16:07.114000+00:00,5927.0,0.0,144521.66,315511.24,144.52,315.51,StandardDuels,True,False,W
7,2025-11-26 17:16:28.120000+00:00,2025-11-26 17:22:34.358000+00:00,3119.0,0.0,308495.08,457898.37,308.5,457.9,StandardDuels,True,False,W
9,2025-11-26 17:28:11.351000+00:00,2025-11-26 17:35:49.843000+00:00,168.0,0.0,720388.73,1749487.98,720.39,1749.49,StandardDuels,True,False,W
12,2025-11-26 17:36:04.576000+00:00,2025-11-26 17:46:11.202000+00:00,3419.0,0.0,54783.57,485546.28,54.78,485.55,StandardDuels,True,False,W
8,2025-11-26 17:51:12.452000+00:00,2025-11-26 17:58:40.482000+00:00,5621.0,0.0,234038.11,523208.65,234.04,523.21,StandardDuels,True,False,W
3,2025-11-26 18:27:28.204000+00:00,2025-11-26 18:29:02.125000+00:00,5989.0,0.0,327892.81,5734189.96,327.89,5734.19,StandardDuels,True,False,W
4,2025-11-26 18:29:26.204000+00:00,2025-11-26 18:32:11.761000+00:00,6000.0,0.0,2111675.05,3919368.65,2111.67,3919.37,StandardDuels,True,False,W
8,2025-11-27 00:36:18.486000+00:00,2025-11-27 00:44:53.617000+00:00,3228.0,0.0,2190016.72,2513580.49,2190.02,2513.58,StandardDuels,True,False,W
11,2025-11-28 11:46:52.397000+00:00,2025-11-28 11:53:51.122000+00:00,0.0,909.0,525493.87,319980.13,525.49,319.98,StandardDuels,True,False,L
7,2025-11-28 11:54:54.178000+00:00,2025-11-28 12:01:02.045000+00:00,0.0,155.0,669930.66,474401.13,669.93,474.4,StandardDuels,True,False,L
7,2025-11-28 12:01:29.089000+00:00,2025-11-28 12:06:55.836000+00:00,1952.0,0.0,2763091.03,344550.41,2763.09,344.55,StandardDuels,True,False,W
9,2025-11-28 21:35:40.367000+00:00,2025-11-28 21:43:42.170000+00:00,1560.0,0.0,562119.47,580012.77,562.12,580.01,StandardDuels,True,False,W
7,2025-11-28 21:46:20.592000+00:00,2025-11-28 21:51:52.015000+00:00,4725.0,0.0,795693.0,2008976.71,795.69,2008.98,StandardDuels,True,False,W
6,2025-11-29 10:48:33.148000+00:00,2025-11-29 10:54:26.131000+00:00,4606.0,0.0,347730.57,1849154.83,347.73,1849.16,StandardDuels,True,False,W
6,2025-11-29 11:03:19.308000+00:00,2025-11-29 11:08:06.989000+00:00,2119.0,0.0,564175.77,1632226.96,564.18,1632.23,StandardDuels,True,False,W
6,2025-11-29 21:47:42.409000+00:00,2025-11-29 21:52:15.665000+00:00,4167.0,0.0,498582.47,3044375.43,498.58,3044.38,StandardDuels,True,False,W
12,2025-11-29 22:27:55.500000+00:00,2025-11-29 22:36:30.645000+00:00,2485.0,0.0,1516095.6,744149.93,1516.1,744.15,StandardDuels,True,False,W
4,2025-11-30 09:52:51.928000+00:00,2025-11-30 09:56:16.507000+00:00,6000.0,0.0,36174.92,670608.37,36.17,670.61,StandardDuels,True,False,W
6,2025-12-01 11:35:34.703000+00:00,2025-12-01 11:40:43.394000+00:00,3589.0,0.0,2072580.96,557830.4,2072.58,557.83,StandardDuels,True,False,W
6,2025-12-01 11:42:50.589000+00:00,2025-12-01 11:47:36.097000+00:00,0.0,2589.0,3929659.37,3474964.03,3929.66,3474.96,StandardDuels,True,False,L
11,2025-12-01 11:56:17.914000+00:00,2025-12-01 12:03:35.053000+00:00,770.0,0.0,3314890.97,2679823.73,3314.89,2679.82,StandardDuels,True,False,W
8,2025-12-01 15:02:49.553000+00:00,2025-12-01 15:09:18.493000+00:00,3354.0,0.0,589231.82,2537880.13,589.23,2537.88,StandardDuels,True,False,W
5,2025-12-01 16:17:59.620000+00:00,2025-12-01 16:21:38.759000+00:00,319.0,0.0,3197381.51,1599617.31,3197.38,1599.62,StandardDuels,True,False,W
2,2025-12-01 16:22:36.080000+00:00,2025-12-01 16:24:35.302000+00:00,6000.0,0.0,78963.42,5663670.36,78.96,5663.67,StandardDuels,True,False,W
4,2025-12-01 18:36:23.603000+00:00,2025-12-01 18:39:51.850000+00:00,3673.0,0.0,823673.06,4291913.49,823.67,4291.91,StandardDuels,True,False,W
6,2025-12-01 18:40:47.744000+00:00,2025-12-01 18:44:39.777000+00:00,2592.0,0.0,461747.92,2167196.67,461.75,2167.2,StandardDuels,True,False,W
3,2025-12-02 12:17:28.840000+00:00,2025-12-02 12:19:25.699000+00:00,6000.0,0.0,842163.92,5388774.06,842.16,5388.77,StandardDuels,True,False,W
7,2025-12-02 12:20:00.692000+00:00,2025-12-02 12:25:24.081000+00:00,0.0,4805.0,1258983.83,1028311.26,1258.99,1028.31,NoMoveDuels,True,False,L
3,2025-12-02 12:25:46.439000+00:00,2025-12-02 12:28:11.337000+00:00,0.0,6000.0,9875978.09,1328619.98,9875.98,1328.62,NoMoveDuels,True,False,L
7,2025-12-02 12:28:47.429000+00:00,2025-12-02 12:33:06.776000+00:00,2516.0,0.0,1951347.17,2284488.36,1951.35,2284.49,NoMoveDuels,True,False,W
9,2025-12-02 12:35:29.749000+00:00,2025-12-02 12:42:34.271000+00:00,2295.0,0.0,848127.96,992725.01,848.13,992.72,NoMoveDuels,True,False,W
2,2025-12-02 12:43:17.836000+00:00,2025-12-02 12:45:07.419000+00:00,6000.0,0.0,87145.9,2102964.26,87.14,2102.96,StandardDuels,True,False,W
4,2025-12-02 13:02:43.195000+00:00,2025-12-02 13:05:34.704000+00:00,4104.0,0.0,960986.44,909294.49,960.99,909.3,StandardDuels,True,False,W
9,2025-12-02 13:05:55.100000+00:00,2025-12-02 13:15:04.809000+00:00,1977.0,0.0,2268264.17,4145394.14,2268.27,4145.39,StandardDuels,True,False,W
6,2025-12-02 13:16:13.571000+00:00,2025-12-02 13:22:56.313000+00:00,2190.0,0.0,2188774.35,3016319.16,2188.78,3016.32,StandardDuels,True,False,W
6,2025-12-02 13:23:17.397000+00:00,2025-12-02 13:27:21.815000+00:00,5305.0,0.0,790848.04,1381303.95,790.85,1381.3,StandardDuels,True,False,W
5,2025-12-02 13:27:45.136000+00:00,2025-12-02 13:32:06.682000+00:00,5998.0,0.0,894453.74,2087942.91,894.45,2087.94,StandardDuels,True,False,W
6,2025-12-02 13:32:56.926000+00:00,2025-12-02 13:39:38.184000+00:00,2775.0,0.0,2241535.44,2424228.35,2241.53,2424.23,StandardDuels,True,False,W
6,2025-12-03 21:33:23.517000+00:00,2025-12-03 21:37:34.828000+00:00,0.0,3282.0,1488467.14,1054940.28,1488.47,1054.94,StandardDuels,True,False,L
7,2025-12-03 21:37:48.786000+00:00,2025-12-03 21:42:04.283000+00:00,0.0,1692.0,3093375.79,1712183.73,3093.38,1712.18,NoMoveDuels,True,False,L
7,2025-12-03 21:42:29.559000+00:00,2025-12-03 21:48:14.512000+00:00,1550.0,0.0,1722240.55,1707794.88,1722.24,1707.79,NoMoveDuels,True,False,W
3,2025-12-03 21:49:07.591000+00:00,2025-12-03 21:51:06.396000+00:00,0.0,6000.0,8400771.01,800771.69,8400.77,800.77,NoMoveDuels,True,False,L
6,2025-12-03 21:51:28.212000+00:00,2025-12-03 21:54:56.413000+00:00,0.0,3364.0,1778272.9,2723506.17,1778.27,2723.5,NoMoveDuels,True,False,L
4,2025-12-03 21:55:39.758000+00:00,2025-12-03 21:58:27.757000+00:00,0.0,3074.0,3326789.4,448875.58,3326.79,448.87,NoMoveDuels,True,False,L
7,2025-12-03 21:59:00.289000+00:00,2025-12-03 22:04:08.607000+00:00,257.0,0.0,4238201.18,1825551.7,4238.2,1825.55,NoMoveDuels,True,False,W
4,2025-12-03 23:39:29.935000+00:00,2025-12-03 23:42:19.792000+00:00,0.0,5756.0,11350857.12,5032604.0,11350.86,5032.6,NoMoveDuels,True,False,L
5,2025-12-04 10:36:36.173000+00:00,2025-12-04 10:40:46.735000+00:00,0.0,1075.0,4260794.67,2201425.82,4260.79,2201.43,NoMoveDuels,True,False,L
5,2025-12-04 10:40:56.645000+00:00,2025-12-04 10:44:28.963000+00:00,0.0,4658.0,3346415.11,986804.88,3346.42,986.8,NoMoveDuels,True,False,L
7,2025-12-04 10:44:49.189000+00:00,2025-12-04 10:50:29.317000+00:00,0.0,3566.0,5465667.77,4324193.52,5465.67,4324.19,NoMoveDuels,True,False,L
5,2025-12-04 10:50:50.451000+00:00,2025-12-04 10:53:22.871000+00:00,0.0,2708.0,6496313.17,1402153.95,6496.31,1402.15,NoMoveDuels,True,False,L
5,2025-12-04 10:54:16.263000+00:00,2025-12-04 10:58:49.095000+00:00,0.0,2897.0,2955601.44,1310914.1,2955.6,1310.91,NoMoveDuels,True,False,L
8,2025-12-04 10:59:08.067000+00:00,2025-12-04 11:06:07.829000+00:00,1703.0,0.0,355624.39,867711.62,355.62,867.71,StandardDuels,True,False,W
5,2025-12-04 11:10:08.240000+00:00,2025-12-04 11:15:00.933000+00:00,2191.0,0.0,890915.54,2830126.04,890.92,2830.12,StandardDuels,True,False,W
6,2025-12-04 15:35:45.041000+00:00,2025-12-04 15:41:27.588000+00:00,0.0,6000.0,1088906.81,552011.35,1088.91,552.01,StandardDuels,True,False,L
7,2025-12-04 15:41:49.554000+00:00,2025-12-04 15:51:16.459000+00:00,0.0,4139.0,2849383.56,522565.51,2849.38,522.57,StandardDuels,True,False,L
4,2025-12-06 23:01:36.603000+00:00,2025-12-06 23:04:21.540000+00:00,4848.0,0.0,819174.68,1458423.76,819.18,1458.42,StandardDuels,True,False,W
7,2025-12-08 21:45:27.792000+00:00,2025-12-08 21:49:18.426000+00:00,0.0,3208.0,3348008.31,2048017.31,3348.01,2048.02,NoMoveDuels,False,False,L
5,2025-12-09 18:08:02.268000+00:00,2025-12-09 18:13:35.887000+00:00,0.0,4675.0,3176449.45,2392317.68,3176.45,2392.32,StandardDuels,True,False,L
6,2025-12-09 18:14:04.836000+00:00,2025-12-09 18:18:13.860000+00:00,0.0,2543.0,1862418.87,1187052.5,1862.42,1187.05,StandardDuels,True,False,L
7,2025-12-09 18:18:27.007000+00:00,2025-12-09 18:23:46.204000+00:00,5539.0,0.0,330792.86,671847.16,330.79,671.85,StandardDuels,True,False,W
10,2025-12-09 18:24:03.013000+00:00,2025-12-09 18:35:11.169000+00:00,0.0,284.0,1714164.45,550075.43,1714.16,550.07,StandardDuels,True,False,L
4,2025-12-09 18:35:38.424000+00:00,2025-12-09 18:38:29.068000+00:00,5932.0,0.0,1418662.05,2259523.58,1418.66,2259.52,StandardDuels,True,False,W
4,2025-12-09 18:39:10.056000+00:00,2025-12-09 18:42:37.089000+00:00,3867.0,0.0,2338829.41,5191727.91,2338.83,5191.73,StandardDuels,True,False,W
10,2025-12-10 00:04:31.969000+00:00,2025-12-10 00:13:24.357000+00:00,0.0,153.0,516906.04,481405.47,516.91,481.4,NoMoveDuels,False,False,L
6,2025-12-10 00:13:47.981000+00:00,2025-12-10 00:18:02.037000+00:00,5901.0,0.0,2242925.82,4117429.61,2242.93,4117.43,NoMoveDuels,False,False,W
7,2025-12-10 00:18:53.745000+00:00,2025-12-10 00:27:54.180000+00:00,1851.0,0.0,590281.43,799530.01,590.28,799.53,StandardDuels,True,False,W
8,2025-12-10 00:28:31.308000+00:00,2025-12-10 00:35:10.165000+00:00,0.0,5188.0,1737711.94,408643.7,1737.71,408.64,StandardDuels,True,False,L
7,2025-12-10 00:35:36.418000+00:00,2025-12-10 00:44:17.736000+00:00,3949.0,0.0,1011351.56,959369.58,1011.35,959.37,StandardDuels,True,False,W
10,2025-12-10 00:47:43.693000+00:00,2025-12-10 00:57:33.830000+00:00,3230.0,0.0,401772.37,552969.15,401.77,552.97,StandardDuels,True,False,W
3,2025-12-10 16:23:13.889000+00:00,2025-12-10 16:25:47.053000+00:00,6000.0,0.0,220374.76,1580102.09,220.37,1580.1,StandardDuels,False,False,W
9,2025-12-10 16:26:39.508000+00:00,2025-12-10 16:33:55.637000+00:00,0.0,945.0,508302.24,929093.43,508.3,929.09,NoMoveDuels,False,False,L
5,2025-12-10 16:34:42.548000+00:00,2025-12-10 16:39:30.422000+00:00,0.0,5801.0,1519665.96,712785.21,1519.67,712.79,StandardDuels,True,False,L
8,2025-12-10 16:40:27.652000+00:00,2025-12-10 16:46:46.898000+00:00,2518.0,0.0,882959.19,1492098.63,882.96,1492.1,StandardDuels,True,False,W
8,2025-12-10 16:47:29.225000+00:00,2025-12-10 16:54:28.149000+00:00,0.0,5420.0,559431.22,212907.64,559.43,212.91,StandardDuels,True,False,L
7,2025-12-10 16:54:48.936000+00:00,2025-12-10 17:00:38.590000+00:00,0.0,5109.0,1141202.77,294058.07,1141.2,294.06,StandardDuels,True,False,L
7,2025-12-10 17:05:22.354000+00:00,2025-12-10 17:10:13.986000+00:00,1237.0,0.0,2326903.46,2718195.64,2326.9,2718.2,StandardDuels,True,False,W
6,2025-12-10 17:10:44.600000+00:00,2025-12-10 17:15:10.519000+00:00,1967.0,0.0,1237190.79,3181102.58,1237.19,3181.1,StandardDuels,True,False,W
7,2025-12-10 21:33:31.525000+00:00,2025-12-10 21:40:12.919000+00:00,0.0,5982.0,3334794.2,3333350.24,3334.8,3333.35,NoMoveDuels,False,False,L
5,2025-12-10 21:48:11.281000+00:00,2025-12-10 21:52:14.127000+00:00,0.0,4878.0,4505311.07,677922.23,4505.31,677.92,NoMoveDuels,False,False,L
8,2025-12-10 21:53:45.040000+00:00,2025-12-10 22:00:21.796000+00:00,1784.0,0.0,1301305.99,1211553.09,1301.3,1211.55,NoMoveDuels,False,False,W
6,2025-12-10 22:32:46.566000+00:00,2025-12-10 22:36:55.784000+00:00,5673.0,0.0,507978.52,3563762.46,507.98,3563.76,NoMoveDuels,False,False,W
5,2025-12-10 22:39:03.074000+00:00,2025-12-10 22:43:01.734000+00:00,0.0,658.0,3519332.16,2472781.8,3519.33,2472.78,NoMoveDuels,False,False,L
9,2025-12-10 22:43:09.338000+00:00,2025-12-10 22:50:07.586000+00:00,0.0,3640.0,3872470.42,1891510.1,3872.47,1891.51,NoMoveDuels,False,False,L
3,2025-12-10 22:50:34.176000+00:00,2025-12-10 22:52:48.006000+00:00,0.0,6000.0,1383559.79,105124.32,1383.56,105.12,StandardDuels,True,False,L
5,2025-12-10 22:54:44.095000+00:00,2025-12-10 22:59:30.088000+00:00,2106.0,0.0,1129128.81,4213918.09,1129.13,4213.92,StandardDuels,True,False,W
7,2025-12-10 22:59:35.981000+00:00,2025-12-10 23:04:55.967000+00:00,2126.0,0.0,718011.64,1571488.82,718.01,1571.49,StandardDuels,True,False,W
3,2025-12-10 23:05:16.877000+00:00,2025-12-10 23:07:07.237000+00:00,6000.0,0.0,464445.96,10639934.2,464.45,10639.93,StandardDuels,True,False,W
9,2025-12-11 00:11:51.123000+00:00,2025-12-11 00:16:07.498000+00:00,0.0,5740.0,2805005.13,2258215.93,2805.01,2258.21,StandardDuels,True,False,L
5,2025-12-12 10:34:36.792000+00:00,2025-12-12 10:39:19.128000+00:00,0.0,6000.0,3275140.98,2771946.25,3275.14,2771.95,NoMoveDuels,False,False,L
6,2025-12-12 10:42:21.552000+00:00,2025-12-12 10:47:12.211000+00:00,1715.0,0.0,3173696.42,4006916.24,3173.7,4006.92,NoMoveDuels,False,False,W
5,2025-12-12 10:47:35.076000+00:00,2025-12-12 10:51:26.887000+00:00,0.0,1723.0,6373421.04,3767115.89,6373.42,3767.11,NoMoveDuels,True,False,L
6,2025-12-12 10:53:09.974000+00:00,2025-12-12 10:58:23.911000+00:00,1994.0,0.0,3052509.99,1438233.41,3052.51,1438.24,NoMoveDuels,True,False,W
4,2025-12-12 16:52:04.430000+00:00,2025-12-12 16:55:46.660000+00:00,0.0,5620.0,5331618.98,721444.54,5331.62,721.44,NoMoveDuels,True,False,L
7,2025-12-12 16:56:16.177000+00:00,2025-12-12 17:02:05.925000+00:00,4115.0,0.0,1386168.4,2764366.9,1386.17,2764.37,NoMoveDuels,True,False,W
5,2025-12-12 17:02:15.721000+00:00,2025-12-12 17:06:34.936000+00:00,0.0,4192.0,5661594.64,433249.89,5661.59,433.25,NoMoveDuels,True,False,L
5,2025-12-12 17:09:44.953000+00:00,2025-12-12 17:13:26.315000+00:00,3678.0,0.0,780257.73,1279684.31,780.26,1279.68,NoMoveDuels,True,False,W
7,2025-12-12 17:13:48.098000+00:00,2025-12-12 17:18:27.733000+00:00,0.0,6000.0,3732544.2,2463237.48,3732.55,2463.24,NoMoveDuels,True,False,L
5,2025-12-12 17:47:06.064000+00:00,2025-12-12 17:51:45.664000+00:00,4380.0,0.0,859431.19,4042032.39,859.43,4042.03,NoMoveDuels,True,False,W
7,2025-12-12 20:49:50.421000+00:00,2025-12-12 20:54:36.047000+00:00,3761.0,0.0,1474598.44,4029969.76,1474.6,4029.97,NoMoveDuels,True,False,W
9,2025-12-12 20:56:28.650000+00:00,2025-12-12 21:03:04.958000+00:00,1020.0,0.0,1796601.42,1894413.65,1796.6,1894.41,NoMoveDuels,True,False,W
5,2025-12-12 21:04:24.999000+00:00,2025-12-12 21:08:19.027000+00:00,3878.0,0.0,1298534.9,6925949.77,1298.53,6925.95,NoMoveDuels,True,False,W
4,2025-12-13 15:41:39.949000+00:00,2025-12-13 15:43:46.816000+00:00,0.0,5062.0,5301069.83,564431.33,5301.07,564.43,NoMoveDuels,True,False,L
7,2025-01-01 00:00:00+00:00,2025-12-13 15:48:57.222000+00:00,523.0,0.0,3417787.88,4423347.07,3417.79,4423.35,NoMoveDuels,True,False,W
5,2025-12-13 16:13:50.607000+00:00,2025-12-13 16:16:10.249000+00:00,6000.0,0.0,596779.18,3032249.57,596.78,3032.25,NoMoveDuels,True,False,W
5,2025-12-13 16:17:02.828000+00:00,2025-12-13 16:22:02.682000+00:00,4948.0,0.0,611419.69,2373884.59,611.42,2373.89,NoMoveDuels,True,False,W
5,2025-12-13 21:50:10.770000+00:00,2025-12-13 21:54:34.351000+00:00,0.0,5679.0,2810808.31,785023.93,2810.81,785.02,NoMoveDuels,True,False,L
11,2025-12-13 21:55:21.173000+00:00,2025-12-13 22:03:33.142000+00:00,1240.0,0.0,1397247.35,950991.72,1397.25,950.99,NoMoveDuels,True,False,W
5,2025-12-13 22:04:31.963000+00:00,2025-12-13 22:08:41.161000+00:00,6000.0,0.0,648660.63,3458390.15,648.66,3458.39,NoMoveDuels,True,False,W
2,2025-12-14 00:25:46.170000+00:00,2025-12-14 00:27:24.107000+00:00,0.0,6000.0,6930501.38,537340.31,6930.5,537.34,NoMoveDuels,True,False,L
3,2025-12-14 00:28:36.574000+00:00,2025-12-14 00:30:39.474000+00:00,0.0,6000.0,2224301.39,603020.32,2224.3,603.02,NoMoveDuels,True,False,L
3,2025-12-14 00:30:59.424000+00:00,2025-12-14 00:33:12.506000+00:00,6000.0,0.0,198378.07,6166213.84,198.38,6166.22,NoMoveDuels,True,False,W
6,2025-12-14 00:33:33.003000+00:00,2025-12-14 00:39:45.040000+00:00,0.0,4562.0,880623.18,525801.1,880.62,525.8,NoMoveDuels,True,False,L
5,2025-12-14 00:40:05.643000+00:00,2025-12-14 00:43:37.938000+00:00,0.0,1936.0,3529216.61,4434271.81,3529.22,4434.27,NoMoveDuels,True,False,L
5,2025-12-14 00:44:25.370000+00:00,2025-12-14 00:47:59.422000+00:00,0.0,6000.0,5761321.34,4286451.29,5761.32,4286.45,NoMoveDuels,True,False,L
3,2025-12-14 00:48:19.577000+00:00,2025-12-14 00:50:19.602000+00:00,0.0,3875.0,2377317.92,3976489.87,2377.32,3976.49,NoMoveDuels,True,False,L
7,2025-12-14 00:50:55.768000+00:00,2025-12-14 00:56:55.933000+00:00,5626.0,0.0,385683.16,1050934.99,385.68,1050.94,NoMoveDuels,True,False,W
8,2025-12-14 00:58:12.867000+00:00,2025-12-14 01:04:51.544000+00:00,2300.0,0.0,3049799.03,5003818.94,3049.8,5003.82,NoMoveDuels,True,False,W
8,2025-12-14 12:55:40.324000+00:00,2025-12-14 13:02:36.016000+00:00,0.0,4119.0,5332565.14,4744874.66,5332.56,4744.87,NoMoveDuels,True,False,L
9,2025-12-14 13:02:58.818000+00:00,2025-12-14 13:11:45.463000+00:00,5298.0,0.0,1070164.59,2701586.1,1070.17,2701.59,NoMoveDuels,True,False,W
6,2025-12-14 22:13:56.842000+00:00,2025-12-14 22:18:15.699000+00:00,0.0,3979.0,1569846.05,3028194.64,1569.85,3028.19,StandardDuels,True,False,L
8,2025-12-14 22:18:45.139000+00:00,2025-12-14 22:24:04.868000+00:00,1445.0,0.0,1783581.69,625298.15,1783.58,625.3,NoMoveDuels,True,False,W
6,2025-12-14 23:47:53.340000+00:00,2025-12-14 23:52:44.177000+00:00,0.0,2082.0,2187453.66,908301.35,2187.46,908.3,NoMoveDuels,True,False,L
6,2025-12-14 23:53:19.366000+00:00,2025-12-14 23:59:18.766000+00:00,3530.0,1433.0,2602923.98,2253601.08,2602.93,2253.6,NoMoveDuels,True,False,W
7,2025-12-15 00:00:47.756000+00:00,2025-12-15 00:05:24.936000+00:00,0.0,2692.0,740884.95,721601.77,740.88,721.6,NoMoveDuels,True,False,L
7,2025-12-15 00:06:26.447000+00:00,2025-12-15 00:10:23.800000+00:00,0.0,5093.0,2407193.45,692716.22,2407.19,692.72,NoMoveDuels,False,False,L
5,2025-12-15 13:57:07.770000+00:00,2025-12-15 14:01:23.037000+00:00,0.0,6000.0,9610385.18,2387961.42,9610.39,2387.96,NoMoveDuels,False,False,L
6,2025-12-15 14:01:45.997000+00:00,2025-12-15 14:05:38.042000+00:00,0.0,2215.0,4998996.33,1953998.35,4999.0,1954.0,NoMoveDuels,False,False,L
3,2025-12-15 14:06:14.885000+00:00,2025-12-15 14:08:49.263000+00:00,6000.0,0.0,376180.34,5126684.39,376.18,5126.68,NoMoveDuels,False,False,W
9,2025-12-15 21:06:59.100000+00:00,2025-12-15 21:13:12.603000+00:00,0.0,4541.0,2497861.08,2143172.13,2497.86,2143.17,NoMoveDuels,False,False,L
6,2025-12-15 21:15:26.865000+00:00,2025-12-15 21:19:49.901000+00:00,0.0,4846.0,2447044.67,523096.41,2447.05,523.1,NoMoveDuels,False,False,L
6,2025-12-18 18:03:06.531000+00:00,2025-12-18 18:07:15.919000+00:00,0.0,5447.0,1721676.14,1142692.86,1721.68,1142.69,NoMoveDuels,False,False,L
9,2025-12-18 18:07:36.460000+00:00,2025-12-18 18:14:02.916000+00:00,0.0,2930.0,823997.71,483351.51,824.0,483.35,NoMoveDuels,False,False,L
7,2025-12-18 18:14:18.176000+00:00,2025-12-18 18:20:34.322000+00:00,1927.0,0.0,647116.63,977164.76,647.12,977.16,NoMoveDuels,False,False,W
9,2025-12-18 18:21:37.900000+00:00,2025-12-18 18:30:17.975000+00:00,5898.0,0.0,2662814.76,2853831.15,2662.82,2853.83,NoMoveDuels,False,False,W
7,2025-12-18 18:30:48.377000+00:00,2025-12-18 18:35:38.157000+00:00,4704.0,0.0,434701.13,904995.29,434.7,905.0,StandardDuels,True,False,W
4,2025-12-18 18:35:58.705000+00:00,2025-12-18 18:38:04.822000+00:00,6000.0,0.0,2532719.72,10081585.37,2532.72,10081.59,StandardDuels,True,False,W
7,2025-12-18 18:40:18.833000+00:00,2025-12-18 18:47:58.477000+00:00,0.0,4999.0,1238884.72,490403.66,1238.89,490.4,StandardDuels,True,False,L
6,2025-12-18 18:48:21.917000+00:00,2025-12-18 18:52:36.503000+00:00,4349.0,0.0,779374.65,3187874.94,779.38,3187.87,StandardDuels,True,False,W
9,2025-12-18 23:01:19.797000+00:00,2025-12-18 23:07:26.589000+00:00,0.0,4813.0,1690495.39,713816.25,1690.5,713.82,NoMoveDuels,False,False,L
7,2025-12-18 23:10:18.059000+00:00,2025-12-18 23:15:59.236000+00:00,4583.0,0.0,763830.67,3298869.46,763.83,3298.87,NoMoveDuels,False,False,W
3,2025-12-18 23:16:21.071000+00:00,2025-12-18 23:18:31.294000+00:00,0.0,6000.0,2321187.98,111626.21,2321.19,111.63,NoMoveDuels,False,False,L
6,2025-12-18 23:19:27.623000+00:00,2025-12-18 23:22:42.166000+00:00,2139.0,0.0,985715.49,961752.76,985.72,961.75,NoMoveDuels,False,False,W
7,2025-12-19 12:42:50.651000+00:00,2025-12-19 12:48:41.533000+00:00,3294.0,0.0,2386140.54,3834938.82,2386.14,3834.94,NoMoveDuels,False,False,W
9,2025-12-19 12:49:27.407000+00:00,2025-12-19 12:57:53.919000+00:00,5393.0,0.0,3567013.87,4072887.01,3567.01,4072.89,NoMoveDuels,False,False,W
8,2025-12-19 12:59:11.858000+00:00,2025-12-19 13:04:57.410000+00:00,0.0,131.0,1630361.39,2725700.89,1630.36,2725.7,StandardDuels,True,False,L
7,2025-12-19 13:05:29.145000+00:00,2025-12-19 13:10:30.331000+00:00,5254.0,0.0,284286.17,891721.75,284.29,891.72,StandardDuels,True,False,W
11,2025-12-19 13:10:58.241000+00:00,2025-12-19 13:20:03.516000+00:00,0.0,1888.0,876023.58,752977.1,876.02,752.98,StandardDuels,True,False,L
9,2025-12-19 13:20:41.124000+00:00,2025-12-19 13:26:50.560000+00:00,192.0,0.0,1638433.72,3518644.57,1638.44,3518.64,StandardDuels,True,False,W
11,2025-12-20 14:28:48.203000+00:00,2025-12-20 14:35:29.417000+00:00,1732.0,0.0,2482565.37,2226024.92,2482.56,2226.03,NoMoveDuels,False,False,W
7,2025-12-20 14:35:44.532000+00:00,2025-12-20 14:41:01.470000+00:00,5403.0,0.0,2692607.8,4971360.98,2692.61,4971.36,NoMoveDuels,False,False,W
7,2025-12-20 14:41:31.167000+00:00,2025-12-20 14:47:47.307000+00:00,0.0,5584.0,1180574.69,2717528.56,1180.58,2717.53,NoMoveDuels,True,False,L
6,2025-12-20 14:48:14.292000+00:00,2025-12-20 14:53:37.727000+00:00,0.0,1066.0,661483.99,478004.84,661.48,478.01,StandardDuels,True,False,L
5,2025-12-20 14:54:54.549000+00:00,2025-12-20 14:58:37.590000+00:00,5864.0,0.0,1002304.5,2871240.18,1002.31,2871.24,NoMoveDuels,True,False,W
4,2025-12-20 14:58:59.984000+00:00,2025-12-20 15:01:42.648000+00:00,0.0,4037.0,3880345.29,764298.33,3880.34,764.3,NoMoveDuels,True,False,L
10,2025-12-21 15:24:57.762000+00:00,2025-12-21 15:33:59.889000+00:00,0.0,2089.0,1899873.17,2447963.62,1899.87,2447.96,NoMoveDuels,True,False,L
9,2025-12-21 15:34:07.048000+00:00,2025-12-21 15:41:40.595000+00:00,2020.0,0.0,2832508.62,3794110.33,2832.51,3794.11,NoMoveDuels,True,False,W
8,2025-12-21 15:46:26.191000+00:00,2025-12-21 15:53:42.144000+00:00,4925.0,0.0,567370.36,764262.15,567.37,764.26,NoMoveDuels,True,False,W
2,2025-12-21 15:54:09.200000+00:00,2025-12-21 15:55:08.559000+00:00,6000.0,0.0,571263.61,13823157.81,571.26,13823.16,NoMoveDuels,True,False,W
6,2025-12-21 15:55:39.710000+00:00,2025-12-21 16:00:31.759000+00:00,3805.0,0.0,2941806.7,4340700.46,2941.81,4340.7,NoMoveDuels,True,False,W
5,2025-12-21 16:01:00.087000+00:00,2025-12-21 16:05:02.421000+00:00,2835.0,0.0,832665.38,4202519.23,832.66,4202.52,NoMoveDuels,True,False,W
10,2025-12-22 12:27:51.673000+00:00,2025-12-22 12:35:50.241000+00:00,0.0,402.0,2756565.86,4528841.91,2756.57,4528.84,NoMoveDuels,False,False,L
5,2025-12-22 12:35:57.984000+00:00,2025-12-22 12:40:19.715000+00:00,2701.0,0.0,608498.34,2508537.21,608.5,2508.54,NoMoveDuels,False,False,W
5,2025-12-22 12:40:29.127000+00:00,2025-12-22 12:44:20.692000+00:00,2874.0,0.0,2515230.12,5649350.59,2515.23,5649.35,NoMoveDuels,False,False,W
7,2025-12-22 12:44:29.160000+00:00,2025-12-22 12:49:59.509000+00:00,0.0,1486.0,3733620.21,3040077.68,3733.62,3040.08,NoMoveDuels,True,False,L
6,2025-12-26 20:11:34.494000+00:00,2025-12-26 20:15:41.233000+00:00,0.0,3195.0,1965312.89,2157862.36,1965.31,2157.86,NoMoveDuels,True,False,L
11,2025-12-28 18:47:35.082000+00:00,2025-12-28 18:55:50.166000+00:00,4044.0,0.0,503672.69,732247.41,503.67,732.25,NoMoveDuels,True,False,W
3,2025-12-28 18:56:14.399000+00:00,2025-12-28 18:59:31.538000+00:00,6000.0,0.0,1220910.64,10170254.41,1220.91,10170.25,NoMoveDuels,True,False,W
3,2025-12-28 18:59:58.105000+00:00,2025-12-28 19:02:37.691000+00:00,0.0,5548.0,6788115.68,249805.39,6788.12,249.81,NoMoveDuels,True,False,L
15,2025-12-28 19:03:01.786000+00:00,2025-12-28 19:14:44.952000+00:00,0.0,272.0,1564643.49,2085895.14,1564.64,2085.9,NoMoveDuels,True,False,L
7,2025-12-28 19:15:39.647000+00:00,2025-12-28 19:21:38.670000+00:00,2414.0,0.0,2189972.36,3137495.04,2189.97,3137.49,NoMoveDuels,True,False,W
3,2025-12-28 19:22:33.406000+00:00,2025-12-28 19:24:56.293000+00:00,6000.0,0.0,899621.65,10748114.79,899.62,10748.11,NoMoveDuels,True,False,W
5,2025-12-28 19:25:16.973000+00:00,2025-12-28 19:28:54.564000+00:00,0.0,2777.0,2270995.79,896036.05,2271.0,896.04,NoMoveDuels,True,False,L
6,2025-12-28 19:29:19.971000+00:00,2025-12-28 19:33:28.990000+00:00,0.0,3901.0,2013834.73,985150.1,2013.83,985.15,NoMoveDuels,True,False,L
7,2025-12-28 19:42:15.594000+00:00,2025-12-28 19:46:08.788000+00:00,0.0,309.0,1013539.84,1229443.12,1013.54,1229.44,NoMoveDuels,True,False,L
6,2025-12-28 19:46:30.503000+00:00,2025-12-28 19:49:52.449000+00:00,0.0,5810.0,2042750.78,1773726.92,2042.75,1773.73,NoMoveDuels,True,False,L
7,2025-12-28 19:51:50.714000+00:00,2025-12-28 19:56:09.434000+00:00,0.0,775.0,890601.69,4631820.87,890.6,4631.82,NoMoveDuels,True,False,L
9,2025-12-28 19:56:27.725000+00:00,2025-12-28 20:02:22.925000+00:00,3614.0,0.0,1699663.7,2289002.38,1699.66,2289.0,NoMoveDuels,True,False,W
10,2025-12-28 20:03:10.922000+00:00,2025-12-28 20:09:55.585000+00:00,3575.0,0.0,907921.95,2846253.2,907.92,2846.25,NoMoveDuels,True,False,W
7,2025-12-28 23:25:49.101000+00:00,2025-12-28 23:31:23.838000+00:00,0.0,4342.0,1132534.49,609358.07,1132.53,609.36,NoMoveDuels,True,False,L
6,2025-12-28 23:32:07.931000+00:00,2025-12-28 23:36:46.108000+00:00,251.0,0.0,876195.96,828149.45,876.2,828.15,NoMoveDuels,True,False,W
6,2025-12-29 13:49:13.924000+00:00,2025-12-29 13:53:09.388000+00:00,1322.0,0.0,4115926.67,2826215.83,4115.93,2826.22,NoMoveDuels,True,False,W
6,2025-12-29 21:20:29.581000+00:00,2025-12-29 21:25:37.275000+00:00,0.0,4723.0,3540750.28,647573.43,3540.75,647.57,NoMoveDuels,False,False,L
6,2025-12-29 22:22:19.092000+00:00,2025-12-29 22:26:25.765000+00:00,0.0,4090.0,2797181.59,2277722.67,2797.18,2277.72,NoMoveDuels,False,False,L
5,2026-01-04 00:01:18.057000+00:00,2026-01-04 00:04:31.474000+00:00,5614.0,0.0,454347.16,965806.31,454.35,965.81,NoMoveDuels,True,False,W
3,2026-01-04 00:10:18.975000+00:00,2026-01-04 00:14:44.437000+00:00,0.0,6000.0,6228141.62,1384818.94,6228.14,1384.82,NoMoveDuels,True,False,L
3,2026-01-04 00:15:04.590000+00:00,2026-01-04 00:17:22.117000+00:00,6000.0,0.0,1132489.52,8210229.74,1132.49,8210.23,NoMoveDuels,True,False,W
11,2026-01-04 00:17:46.534000+00:00,2026-01-04 00:26:27.672000+00:00,3407.0,0.0,538718.86,1610845.48,538.72,1610.84,NoMoveDuels,True,False,W
7,2026-01-04 00:26:49.665000+00:00,2026-01-04 00:33:33.645000+00:00,0.0,3698.0,2309755.56,2063582.48,2309.76,2063.58,NoMoveDuels,True,False,L
5,2026-01-04 22:54:27.941000+00:00,2026-01-04 22:58:50.285000+00:00,1636.0,0.0,1705999.01,1714292.54,1706.0,1714.29,NoMoveDuels,True,False,W
6,2026-01-04 22:59:13.113000+00:00,2026-01-04 23:02:53.706000+00:00,0.0,1229.0,1845762.82,5991078.61,1845.76,5991.08,NoMoveDuels,True,False,L
10,2026-01-04 23:03:03.123000+00:00,2026-01-04 23:10:54.627000+00:00,723.0,0.0,612531.16,464833.38,612.53,464.83,NoMoveDuels,True,False,W
6,2026-01-04 23:11:01.150000+00:00,2026-01-04 23:14:48.333000+00:00,5929.0,0.0,1799196.29,7786307.16,1799.2,7786.31,NoMoveDuels,True,False,W
3,2026-01-06 00:17:43.680000+00:00,2026-01-06 00:20:06.978000+00:00,6000.0,0.0,228559.38,1619965.99,228.56,1619.96,NoMoveDuels,True,False,W
4,2026-01-06 00:28:21.259000+00:00,2026-01-06 00:31:43.241000+00:00,0.0,5998.0,3561597.88,2294367.99,3561.6,2294.37,NoMoveDuels,True,False,L
12,2026-01-06 20:59:04.895000+00:00,2026-01-06 21:06:08.681000+00:00,0.0,11.0,2214008.16,1309665.86,2214.01,1309.67,NoMoveDuels,True,False,L
5,2026-01-06 21:06:36.959000+00:00,2026-01-06 21:10:48.194000+00:00,5852.0,0.0,2035571.47,4155039.29,2035.57,4155.04,NoMoveDuels,True,False,W
9,2026-01-07 13:51:25.664000+00:00,2026-01-07 13:57:13.494000+00:00,1744.0,0.0,463004.08,619102.12,463.0,619.1,NoMoveDuels,True,False,W
6,2026-01-07 13:57:53.291000+00:00,2026-01-07 14:02:04.721000+00:00,3947.0,0.0,934673.29,1941304.72,934.67,1941.3,NoMoveDuels,True,False,W
6,2026-01-07 22:16:05.318000+00:00,2026-01-07 22:19:54.549000+00:00,3885.0,0.0,1021580.45,2959626.02,1021.58,2959.63,NoMoveDuels,True,False,W
3,2026-01-07 22:20:24.128000+00:00,2026-01-07 22:23:07.384000+00:00,0.0,6000.0,2613037.23,447929.18,2613.04,447.93,NoMoveDuels,True,False,L
5,2026-01-08 23:32:37.568000+00:00,2026-01-08 23:36:37.548000+00:00,0.0,5661.0,4085235.85,358366.19,4085.24,358.37,NoMoveDuels,True,False,L
7,2026-01-08 23:39:36.889000+00:00,2026-01-08 23:44:58.625000+00:00,0.0,2080.0,2340925.93,2626739.93,2340.93,2626.74,NoMoveDuels,True,False,L
7,2026-01-08 23:45:28.089000+00:00,2026-01-08 23:50:32.220000+00:00,1807.0,0.0,2115344.06,3105129.01,2115.35,3105.13,NoMoveDuels,True,False,W
5,2026-01-08 23:50:58.910000+00:00,2026-01-08 23:55:09.006000+00:00,4032.0,0.0,4415240.35,2893491.86,4415.24,2893.49,NoMoveDuels,True,False,W
6,2026-01-09 12:20:41.343000+00:00,2026-01-09 12:25:45.352000+00:00,0.0,5111.0,5770694.59,2994065.93,5770.7,2994.07,NoMoveDuels,True,False,L
6,2026-01-09 12:26:01.265000+00:00,2026-01-09 12:29:58.964000+00:00,0.0,3448.0,844932.79,367656.95,844.93,367.66,NoMoveDuels,True,False,L
5,2026-01-09 22:27:23.839000+00:00,2026-01-09 22:30:47.892000+00:00,0.0,5197.0,3267755.28,400738.06,3267.76,400.74,NoMoveDuels,True,False,L
9,2026-01-09 23:05:50.720000+00:00,2026-01-09 23:12:51.149000+00:00,1801.0,0.0,1191280.7,4153182.6,1191.28,4153.18,NoMoveDuels,True,False,W
7,2026-01-09 23:13:25.697000+00:00,2026-01-09 23:18:48.590000+00:00,0.0,5590.0,1054925.0,410876.79,1054.93,410.88,NoMoveDuels,True,False,L
8,2026-01-09 23:19:07.233000+00:00,2026-01-09 23:25:12.858000+00:00,0.0,319.0,3062445.77,3777213.71,3062.44,3777.21,NoMoveDuels,True,False,L
6,2026-01-09 23:25:22.374000+00:00,2026-01-09 23:29:23.008000+00:00,5400.0,0.0,787983.64,2861475.25,787.98,2861.48,NoMoveDuels,True,False,W
9,2026-01-09 23:29:50.496000+00:00,2026-01-09 23:36:31.437000+00:00,3305.0,0.0,4052983.54,3672877.56,4052.98,3672.88,NoMoveDuels,True,False,W
7,2026-01-12 22:20:56.544000+00:00,2026-01-12 22:25:51.277000+00:00,3258.0,0.0,980623.26,1164904.59,980.62,1164.9,NoMoveDuels,False,False,W
7,2026-01-13 10:49:37.340000+00:00,2026-01-13 10:54:51.734000+00:00,2314.0,0.0,1566045.14,1710098.59,1566.05,1710.1,NoMoveDuels,False,False,W
7,2026-01-13 17:02:03.913000+00:00,2026-01-13 17:08:33.716000+00:00,2723.0,0.0,564485.24,786820.31,564.49,786.82,NoMoveDuels,False,False,W
3,2026-01-13 17:21:23.071000+00:00,2026-01-13 17:23:38.527000+00:00,0.0,6000.0,10937848.8,1186030.65,10937.85,1186.03,NoMoveDuels,True,False,L
9,2026-01-13 17:24:11.097000+00:00,2026-01-13 17:30:37.500000+00:00,69.0,0.0,1792721.75,1319729.94,1792.72,1319.73,NoMoveDuels,True,False,W
5,2026-01-14 13:25:41.087000+00:00,2026-01-14 13:29:49.487000+00:00,0.0,3582.0,3877001.33,1111276.99,3877.0,1111.28,NoMoveDuels,False,False,L
7,2026-01-14 13:30:10.994000+00:00,2026-01-14 13:35:18.586000+00:00,0.0,6000.0,1940309.9,567302.04,1940.31,567.3,NoMoveDuels,False,False,L
9,2026-01-16 11:37:42.940000+00:00,2026-01-16 11:43:39.781000+00:00,0.0,1488.0,1599324.24,797891.9,1599.32,797.89,NoMoveDuels,False,False,L
5,2026-01-16 11:44:19.250000+00:00,2026-01-16 11:47:46.101000+00:00,0.0,4950.0,7574150.86,2719322.82,7574.15,2719.33,NoMoveDuels,True,False,L
6,2026-01-16 11:48:28.625000+00:00,2026-01-16 11:53:05.568000+00:00,2433.0,0.0,1320759.53,4525635.57,1320.76,4525.64,NoMoveDuels,True,False,W
7,2026-01-17 15:30:21.347000+00:00,2026-01-17 15:37:48.951000+00:00,4491.0,0.0,3738400.39,2891012.29,3738.4,2891.01,NoMoveDuels,True,False,W
10,2026-01-18 14:54:01.570000+00:00,2026-01-18 15:02:10.188000+00:00,3490.0,0.0,942067.11,1106977.46,942.07,1106.98,NoMoveDuels,True,False,W
8,2026-01-18 15:02:44.654000+00:00,2026-01-18 15:08:03.925000+00:00,0.0,4910.0,1462381.24,1176481.1,1462.38,1176.48,NoMoveDuels,True,False,L
6,2026-01-19 18:31:04.494000+00:00,2026-01-19 18:34:55.552000+00:00,0.0,5016.0,1544294.69,628978.12,1544.3,628.98,NoMoveDuels,True,False,L
8,2026-01-19 22:25:10.781000+00:00,2026-01-19 22:31:32.638000+00:00,0.0,4160.0,3270636.24,1279490.11,3270.64,1279.49,NoMoveDuels,True,False,L
7,2026-01-19 22:32:18.563000+00:00,2026-01-19 22:37:23.751000+00:00,1086.0,0.0,763601.38,3277402.48,763.6,3277.4,NoMoveDuels,True,False,W
7,2026-01-20 12:54:40.805000+00:00,2026-01-20 13:00:25.448000+00:00,0.0,3784.0,1317126.52,697481.44,1317.13,697.48,NoMoveDuels,True,False,L
5,2026-01-20 13:01:08.420000+00:00,2026-01-20 13:06:23.887000+00:00,2312.0,0.0,4691545.08,4126207.56,4691.55,4126.21,NoMoveDuels,True,False,W
6,2026-01-20 13:06:49.879000+00:00,2026-01-20 13:11:47.472000+00:00,0.0,5456.0,1956154.14,554275.24,1956.16,554.28,NoMoveDuels,True,False,L
8,2026-01-20 13:15:53.472000+00:00,2026-01-20 13:23:10.616000+00:00,3529.0,0.0,2699334.25,3688752.31,2699.34,3688.75,NoMoveDuels,True,False,W
4,2026-01-21 20:11:03.133000+00:00,2026-01-21 20:14:39.357000+00:00,0.0,4442.0,4984183.53,870659.15,4984.18,870.66,NoMoveDuels,True,False,L
12,2026-01-21 20:15:01.694000+00:00,2026-01-21 20:24:26.838000+00:00,612.0,0.0,1111212.21,700803.44,1111.21,700.8,NoMoveDuels,True,False,W
7,2026-01-21 20:24:54.868000+00:00,2026-01-21 20:29:34.594000+00:00,0.0,1132.0,2564036.64,881958.61,2564.04,881.96,NoMoveDuels,True,False,L
5,2026-01-22 11:24:35.378000+00:00,2026-01-22 11:29:06.057000+00:00,1494.0,0.0,1077815.22,1066310.6,1077.82,1066.31,NoMoveDuels,True,False,W
6,2026-01-22 11:29:55.118000+00:00,2026-01-22 11:34:36.438000+00:00,0.0,5528.0,729772.94,242901.6,729.78,242.9,NoMoveDuels,True,False,L
7,2026-01-23 10:57:13.248000+00:00,2026-01-23 11:03:26.313000+00:00,0.0,5825.0,1645741.77,235410.86,1645.74,235.41,NoMoveDuels,True,False,L
8,2026-01-23 11:04:33.561000+00:00,2026-01-23 11:10:40.530000+00:00,4507.0,0.0,659886.52,1152997.11,659.89,1153.0,NoMoveDuels,True,False,W
8,2026-01-23 11:11:07.454000+00:00,2026-01-23 11:17:58.951000+00:00,0.0,4828.0,1350722.9,2381008.48,1350.72,2381.01,NoMoveDuels,True,False,L
4,2026-01-23 11:19:30.871000+00:00,2026-01-23 11:22:17.503000+00:00,5986.0,5230.0,134280.83,219884.52,134.28,219.88,NoMoveDuels,True,False,W
10,2026-01-25 15:26:00.035000+00:00,2026-01-25 15:33:29.247000+00:00,1791.0,0.0,2127213.53,1590715.4,2127.21,1590.72,NoMoveDuels,True,False,W
7,2026-01-25 15:33:47.705000+00:00,2026-01-25 15:38:04.842000+00:00,0.0,2308.0,1893348.24,3368751.36,1893.35,3368.75,NoMoveDuels,True,False,L
6,2026-01-26 23:39:06.672000+00:00,2026-01-26 23:42:48.194000+00:00,0.0,764.0,2332862.53,778798.2,2332.86,778.8,NoMoveDuels,True,False,L
6,2026-01-26 23:43:28.880000+00:00,2026-01-26 23:48:08.143000+00:00,0.0,3994.0,4107180.02,3032876.09,4107.18,3032.88,NoMoveDuels,True,False,L
4,2026-01-26 23:48:30.829000+00:00,2026-01-26 23:51:50.999000+00:00,0.0,5861.0,7404239.6,354507.14,7404.24,354.51,NoMoveDuels,True,False,L
8,2026-01-28 13:23:01.744000+00:00,2026-01-28 13:28:35.762000+00:00,2226.0,0.0,1637716.1,2032991.22,1637.72,2032.99,NoMoveDuels,True,False,W
2,2026-01-28 14:20:59.946000+00:00,2026-01-28 14:22:47.573000+00:00,6000.0,0.0,171439.82,2557242.27,171.44,2557.24,NoMoveDuels,True,False,W
5,2026-01-28 14:23:11.110000+00:00,2026-01-28 14:26:38.265000+00:00,5914.0,0.0,309568.71,3095962.37,309.57,3095.96,NoMoveDuels,True,False,W
7,2026-01-28 19:18:58.707000+00:00,2026-01-28 19:25:47.452000+00:00,0.0,3069.0,879546.93,648694.54,879.55,648.69,NoMoveDuels,True,False,L
6,2026-01-28 23:02:38.101000+00:00,2026-01-28 23:06:10.568000+00:00,5730.0,0.0,129825.3,1163635.95,129.83,1163.64,NoMoveDuels,True,False,W
3,2026-01-28 23:07:07.486000+00:00,2026-01-28 23:09:03.685000+00:00,0.0,5575.0,7293799.06,782018.73,7293.8,782.02,NoMoveDuels,True,False,L
6,2026-01-28 23:09:23.575000+00:00,2026-01-28 23:13:32.079000+00:00,4400.0,0.0,896052.18,1252299.45,896.05,1252.3,NoMoveDuels,True,False,W
2,2026-01-28 23:13:56.412000+00:00,2026-01-28 23:15:34.515000+00:00,6000.0,0.0,289198.55,12878995.99,289.2,12879.0,NoMoveDuels,True,False,W
6,2026-01-28 23:16:01.402000+00:00,2026-01-28 23:22:07.250000+00:00,0.0,3918.0,4158051.67,1782732.95,4158.05,1782.73,NoMoveDuels,True,False,L
4,2026-01-28 23:29:56.443000+00:00,2026-01-28 23:32:52.458000+00:00,5811.0,0.0,517493.53,4050421.54,517.49,4050.42,NoMoveDuels,True,False,W
9,2026-01-28 23:33:19.284000+00:00,2026-01-28 23:41:43.294000+00:00,5615.0,0.0,873327.14,2521280.42,873.33,2521.28,NoMoveDuels,True,False,W
5,2026-01-29 00:20:01.077000+00:00,2026-01-29 00:24:15.214000+00:00,5776.0,0.0,983067.35,4365679.66,983.07,4365.68,NoMoveDuels,True,False,W
9,2026-01-29 12:07:47.197000+00:00,2026-01-29 12:14:24.660000+00:00,0.0,200.0,690658.66,927731.24,690.66,927.73,NoMoveDuels,True,False,L
7,2026-01-29 12:14:47.772000+00:00,2026-01-29 12:20:17.118000+00:00,0.0,1595.0,2463237.85,647887.96,2463.24,647.89,NoMoveDuels,True,False,L
3,2025-01-01 00:00:00+00:00,2025-01-01 00:00:00+00:00,,113.13,,-2000.0,,-1.28,NoMoveDuels,True,False,?
3,2025-01-01 00:00:00+00:00,2025-01-01 00:00:00+00:00,,1690.43,,-2000.0,,40.45,NoMoveDuels,True,False,?
8,2026-01-29 22:16:34.834000+00:00,2026-01-29 22:24:58.688000+00:00,0.0,2539.0,1039444.98,800414.21,1039.44,800.42,NoMoveDuels,True,False,L
4,2026-01-30 23:01:51.363000+00:00,2026-01-30 23:04:45.364000+00:00,6000.0,0.0,341695.99,1664940.3,341.7,1664.94,NoMoveDuels,True,False,W
2,2026-01-31 16:27:05.157000+00:00,2026-01-31 16:29:06.779000+00:00,6000.0,0.0,308363.23,5828423.19,308.36,5828.42,NoMoveDuels,True,False,W
7,2026-01-31 16:29:37.249000+00:00,2026-01-31 16:34:50.070000+00:00,5134.0,0.0,2782948.74,3574382.03,2782.95,3574.38,NoMoveDuels,True,False,W
6,2026-01-31 18:24:31.858000+00:00,2026-01-31 18:28:43.306000+00:00,0.0,2784.0,698672.81,617272.73,698.67,617.27,NoMoveDuels,True,False,L
9,2026-02-01 15:05:47.415000+00:00,2026-02-01 15:14:22.139000+00:00,1923.0,0.0,1700042.0,3458971.05,1700.04,3458.97,NoMoveDuels,True,False,W
8,2026-02-02 20:43:54.616000+00:00,2026-02-02 20:49:33.750000+00:00,4469.0,0.0,424621.82,558811.27,424.62,558.81,NoMoveDuels,True,False,W
3,2026-02-03 14:29:43.477000+00:00,2026-02-03 14:33:40.630000+00:00,0.0,6000.0,3992542.98,280947.54,3992.54,280.95,NoMoveDuels,True,False,L
6,2026-02-04 12:22:27.526000+00:00,2026-02-04 12:27:00.769000+00:00,0.0,4044.0,2411826.93,526525.16,2411.83,526.52,NoMoveDuels,True,False,L
6,2026-02-04 19:05:48.451000+00:00,2026-02-04 19:10:52.467000+00:00,5137.0,0.0,1859923.96,5193804.53,1859.92,5193.81,NoMoveDuels,True,False,W
13,2026-02-04 19:11:28.396000+00:00,2026-02-04 19:19:44.474000+00:00,0.0,1177.0,1742599.4,1549794.29,1742.6,1549.79,NoMoveDuels,True,False,L
5,2026-02-06 22:56:58.788000+00:00,2026-02-06 23:01:02.640000+00:00,2721.0,0.0,4463659.45,2099136.53,4463.66,2099.14,NoMoveDuels,True,False,W
8,2026-02-06 23:01:21.723000+00:00,2026-02-06 23:09:10.273000+00:00,1285.0,0.0,2348332.43,1696190.1,2348.33,1696.19,NoMoveDuels,True,False,W
6,2026-02-06 23:10:45.478000+00:00,2026-02-06 23:17:54.964000+00:00,267.0,0.0,1678021.11,1883211.62,1678.02,1883.21,NoMoveDuels,True,False,W
6,2026-02-06 23:18:16.042000+00:00,2026-02-06 23:23:04.205000+00:00,0.0,1345.0,1343313.12,1547110.04,1343.31,1547.11,NoMoveDuels,True,False,L
7,2026-02-07 22:36:58.860000+00:00,2026-02-07 22:42:17.780000+00:00,0.0,2938.0,4552668.49,3020055.15,4552.67,3020.05,NoMoveDuels,True,False,L
7,2026-02-07 22:42:43.904000+00:00,2026-02-07 22:48:31.212000+00:00,1205.0,0.0,709675.47,807934.48,709.68,807.93,NoMoveDuels,True,False,W
11,2026-02-08 22:22:55.905000+00:00,2026-02-08 22:31:29.054000+00:00,353.0,0.0,692223.08,1184851.35,692.22,1184.85,NoMoveDuels,True,False,W
9,2026-02-08 22:32:45.310000+00:00,2026-02-08 22:39:45.337000+00:00,4627.0,0.0,1547923.41,1607041.94,1547.92,1607.04,NoMoveDuels,True,False,W
8,2026-02-08 22:41:33.667000+00:00,2026-02-08 22:46:58.752000+00:00,2840.0,0.0,864424.47,790618.68,864.42,790.62,NoMoveDuels,True,False,W
4,2026-02-08 22:47:25.939000+00:00,2026-02-08 22:50:28.604000+00:00,4794.0,0.0,416890.26,2968197.76,416.89,2968.2,NoMoveDuels,True,False,W
12,2026-02-08 22:50:52.799000+00:00,2026-02-08 23:01:03.089000+00:00,3476.0,0.0,962138.59,1279179.39,962.14,1279.18,NoMoveDuels,True,False,W
6,2026-02-08 23:01:25.718000+00:00,2026-02-08 23:06:29.875000+00:00,179.0,0.0,1173198.87,1375813.75,1173.2,1375.81,NoMoveDuels,True,False,W
3,2026-02-08 23:06:53.554000+00:00,2026-02-08 23:08:36.463000+00:00,6000.0,0.0,766803.6,8675389.66,766.8,8675.39,NoMoveDuels,True,False,W
6,2026-02-15 12:20:15.649000+00:00,2026-02-15 12:25:56.474000+00:00,3260.0,0.0,951333.02,1324659.31,951.33,1324.66,NoMoveDuels,True,False,W
4,2026-02-19 23:25:46.078000+00:00,2026-02-19 23:29:14.027000+00:00,0.0,2896.0,2820840.94,1366795.32,2820.84,1366.8,NoMoveDuels,False,False,L
5,2026-02-19 23:29:35.557000+00:00,2026-02-19 23:34:22.325000+00:00,0.0,5833.0,1939689.14,762380.67,1939.69,762.38,NoMoveDuels,False,False,L
2,2026-02-20 18:41:20.446000+00:00,2026-02-20 18:42:55.117000+00:00,0.0,6000.0,10793093.6,1079586.0,10793.1,1079.58,NoMoveDuels,False,False,L
6,2026-02-20 18:43:36.371000+00:00,2026-02-20 18:48:31.828000+00:00,3354.0,0.0,3892402.43,3864022.56,3892.4,3864.02,NoMoveDuels,False,False,W
8,2026-02-23 20:20:30.818000+00:00,2026-02-23 20:27:47.673000+00:00,4775.0,0.0,321577.37,769775.71,321.58,769.78,NoMoveDuels,False,False,W
9,2026-02-24 13:03:00.752000+00:00,2026-02-24 13:08:47.799000+00:00,4828.0,0.0,2144686.34,1894137.91,2144.69,1894.14,NoMoveDuels,False,False,W
6,2026-02-24 13:09:51.154000+00:00,2026-02-24 13:13:59.021000+00:00,1596.0,0.0,4267850.53,6112757.69,4267.85,6112.76,NoMoveDuels,True,False,W
7,2026-02-24 13:14:22.686000+00:00,2026-02-24 13:19:24.655000+00:00,0.0,4570.0,2839684.74,1388090.11,2839.68,1388.09,NoMoveDuels,True,False,L
7,2026-02-24 13:19:49.184000+00:00,2026-02-24 13:25:25.344000+00:00,5683.0,0.0,1479898.19,4279011.79,1479.9,4279.01,NoMoveDuels,True,False,W
5,2026-02-24 21:53:33.023000+00:00,2026-02-24 21:57:48.029000+00:00,0.0,3773.0,4177223.48,1349487.43,4177.22,1349.49,NoMoveDuels,True,False,L
6,2026-02-25 21:59:19.374000+00:00,2026-02-25 22:03:38.206000+00:00,0.0,5512.0,3210768.14,1750038.31,3210.77,1750.04,NoMoveDuels,True,False,L
7,2026-02-25 22:04:33.153000+00:00,2026-02-25 22:11:32.868000+00:00,0.0,3389.0,4612071.5,4423335.25,4612.07,4423.34,NoMoveDuels,True,False,L
6,2026-03-01 19:24:32.808000+00:00,2026-03-01 19:29:26.097000+00:00,0.0,1152.0,1381324.71,3730635.81,1381.32,3730.64,NoMoveDuels,True,False,L
9,2026-03-12 15:24:39.818000+00:00,2026-03-12 15:30:50.642000+00:00,0.0,1806.0,1507178.6,1241151.97,1507.18,1241.15,NoMoveDuels,False,False,L
5,2026-03-12 23:04:58.900000+00:00,2026-03-12 23:09:18.157000+00:00,0.0,2709.0,2675613.86,1322056.59,2675.61,1322.06,NoMoveDuels,False,False,L
6,2026-03-12 23:09:54.301000+00:00,2026-03-12 23:16:12.179000+00:00,0.0,3573.0,4478393.77,4645880.1,4478.39,4645.88,NoMoveDuels,True,False,L
9,2026-03-13 19:05:23.931000+00:00,2026-03-13 19:13:43.359000+00:00,0.0,3963.0,1650505.65,1150401.02,1650.51,1150.4,NoMoveDuels,True,False,L
7,2026-03-13 19:16:01.192000+00:00,2026-03-13 19:20:57.390000+00:00,996.0,0.0,1891937.72,3340246.16,1891.94,3340.25,NoMoveDuels,True,False,W
5,2026-03-16 12:47:44.917000+00:00,2026-03-16 12:51:34.025000+00:00,0.0,5845.0,3860772.48,364226.03,3860.77,364.23,NoMoveDuels,True,False,L
5,2026-03-16 12:52:11.464000+00:00,2026-03-16 12:56:42.477000+00:00,6000.0,0.0,3813740.68,7309219.45,3813.74,7309.22,NoMoveDuels,True,False,W
6,2026-03-18 13:59:02.281000+00:00,2026-03-18 14:03:46.815000+00:00,0.0,604.0,3215318.01,1917375.4,3215.32,1917.38,NoMoveDuels,True,False,L
6,2026-03-18 21:57:29.953000+00:00,2026-03-18 22:00:49.970000+00:00,0.0,3981.0,1186626.1,804827.46,1186.63,804.83,NoMoveDuels,True,False,L
8,2026-03-18 22:01:00.718000+00:00,2026-03-18 22:06:33.812000+00:00,1913.0,0.0,1816138.27,2992585.8,1816.14,2992.59,NoMoveDuels,True,False,W
7,2026-03-18 22:07:36.987000+00:00,2026-03-18 22:13:13.259000+00:00,0.0,5390.0,2232518.74,2683716.56,2232.52,2683.72,NoMoveDuels,True,False,L
14,2026-03-18 22:14:46.680000+00:00,2026-03-18 22:23:59.056000+00:00,0.0,188.0,2118953.58,2075513.59,2118.95,2075.51,NoMoveDuels,True,False,L
5,2026-03-19 11:27:07.379000+00:00,2026-03-19 11:31:07.197000+00:00,0.0,2543.0,2411986.11,3269419.78,2411.99,3269.42,NoMoveDuels,True,False,L
3,2026-03-19 11:31:30.954000+00:00,2026-03-19 11:33:16.139000+00:00,6000.0,0.0,550502.98,2592392.18,550.5,2592.39,NoMoveDuels,True,False,W
7,2026-03-19 11:33:40.451000+00:00,2026-03-19 11:38:48.378000+00:00,2520.0,0.0,8758431.97,5866436.84,8758.43,5866.44,NoMoveDuels,True,False,W
6,2026-03-19 18:13:32.348000+00:00,2026-03-19 18:18:22.485000+00:00,0.0,2177.0,2164091.08,1523105.21,2164.09,1523.1,NoMoveDuels,True,False,L
7,2026-03-19 18:18:44.831000+00:00,2026-03-19 18:22:49.986000+00:00,0.0,4164.0,3645377.68,1984974.27,3645.38,1984.97,NoMoveDuels,True,False,L
10,2026-03-20 14:15:03.802000+00:00,2026-03-20 14:24:39.517000+00:00,0.0,551.0,1922316.81,2874557.58,1922.32,2874.56,NoMoveDuels,False,False,L
7,2026-03-21 17:58:46.096000+00:00,2026-03-21 18:03:51.623000+00:00,316.0,0.0,3531171.2,2036767.67,3531.17,2036.77,NoMoveDuels,False,False,W
7,2026-03-23 18:00:38.655000+00:00,2026-03-23 18:05:55.700000+00:00,0.0,3311.0,3139023.82,528261.19,3139.02,528.26,NoMoveDuels,True,False,L
5,2026-03-23 18:08:32.858000+00:00,2026-03-23 18:13:14.345000+00:00,0.0,4829.0,1559849.22,767208.29,1559.85,767.21,NoMoveDuels,True,False,L
5,2026-03-23 18:25:42.167000+00:00,2026-03-23 18:30:30.943000+00:00,5531.0,0.0,1522967.75,4004897.85,1522.97,4004.9,NoMoveDuels,True,False,W
7,2026-03-23 22:08:13.831000+00:00,2026-03-23 22:14:37.803000+00:00,5439.0,0.0,891182.25,1592391.69,891.18,1592.39,NoMoveDuels,True,False,W
8,2026-03-23 22:15:23.489000+00:00,2026-03-23 22:22:45.573000+00:00,0.0,5262.0,2637723.13,1762926.41,2637.72,1762.92,NoMoveDuels,True,False,L
8,2026-03-25 11:46:57.162000+00:00,2026-03-25 11:53:48.689000+00:00,2910.0,0.0,1523373.7,2943960.06,1523.37,2943.96,NoMoveDuels,True,False,W
6,2026-03-25 11:54:10.777000+00:00,2026-03-25 11:58:17.435000+00:00,4565.0,0.0,510215.3,2127707.46,510.22,2127.71,NoMoveDuels,True,False,W
5,2026-03-25 11:58:52.612000+00:00,2026-03-25 12:03:28.519000+00:00,2422.0,0.0,3878360.87,2800488.93,3878.36,2800.49,NoMoveDuels,True,False,W
11,2026-03-25 14:54:16.986000+00:00,2026-03-25 15:01:48.410000+00:00,0.0,1934.0,1099913.63,1641626.26,1099.91,1641.63,NoMoveDuels,True,False,L
6,2026-03-27 17:00:23.854000+00:00,2026-03-27 17:05:14.997000+00:00,1567.0,0.0,946888.11,3781355.91,946.89,3781.35,NoMoveDuels,True,False,W
10,2026-03-27 19:26:42.075000+00:00,2026-03-27 19:34:05.836000+00:00,0.0,5359.0,2340368.92,1580781.77,2340.37,1580.78,NoMoveDuels,True,False,L
7,2026-03-27 19:45:10.908000+00:00,2026-03-27 19:48:35.222000+00:00,0.0,5835.0,3434482.21,4416267.45,3434.48,4416.27,NoMoveDuels,True,False,L
8,2026-03-28 12:07:36.202000+00:00,2026-03-28 12:15:36.479000+00:00,0.0,2838.0,2347950.54,468316.62,2347.95,468.32,NoMoveDuels,True,False,L
3,2026-03-28 12:16:28.150000+00:00,2026-03-28 12:18:41.114000+00:00,6000.0,0.0,485770.0,8328595.61,485.77,8328.59,NoMoveDuels,True,False,W
9,2026-03-30 08:15:15.892000+00:00,2026-03-30 08:24:56.185000+00:00,0.0,430.0,3907189.38,1505455.41,3907.19,1505.46,NoMoveDuels,False,False,L
8,2026-03-30 15:51:48.337000+00:00,2026-03-30 15:58:58.566000+00:00,731.0,0.0,3578139.6,3695332.15,3578.14,3695.33,NoMoveDuels,True,False,W
6,2026-03-30 15:59:29.336000+00:00,2026-03-30 16:04:12.939000+00:00,4219.0,0.0,1149923.8,3647997.99,1149.92,3648.0,NoMoveDuels,True,False,W
7,2026-03-30 16:04:41.677000+00:00,2026-03-30 16:09:34.934000+00:00,1641.0,0.0,1726825.27,2537321.72,1726.82,2537.32,NoMoveDuels,True,False,W
8,2026-03-30 21:23:26.483000+00:00,2026-03-30 21:28:51.435000+00:00,4337.0,0.0,3792298.09,3193212.92,3792.3,3193.21,NoMoveDuels,True,False,W
6,2026-03-30 21:28:59.265000+00:00,2026-03-30 21:33:52.126000+00:00,5647.0,0.0,2474081.05,4021701.77,2474.08,4021.7,NoMoveDuels,True,False,W
9,2026-03-30 21:34:26.289000+00:00,2026-03-30 21:42:33.461000+00:00,0.0,3008.0,520571.97,354215.52,520.57,354.22,NoMoveDuels,True,False,L
8,2026-03-31 09:44:17.211000+00:00,2026-03-31 09:50:58.599000+00:00,0.0,2463.0,1850457.8,1395192.75,1850.46,1395.19,NoMoveDuels,True,False,L
5,2026-03-31 09:51:53.401000+00:00,2026-03-31 09:55:47.356000+00:00,0.0,3219.0,1726825.69,1531679.7,1726.83,1531.68,NoMoveDuels,True,False,L
5,2026-03-31 09:56:52.671000+00:00,2026-03-31 10:00:26.645000+00:00,0.0,3264.0,5944628.37,858547.44,5944.63,858.55,NoMoveDuels,True,False,L
6,2026-03-31 10:02:55.257000+00:00,2026-03-31 10:09:22.091000+00:00,5060.0,0.0,668094.03,1013721.75,668.1,1013.72,NoMoveDuels,True,False,W
5,2026-03-31 20:05:47.768000+00:00,2026-03-31 20:09:12.519000+00:00,0.0,6000.0,3381324.71,252407.1,3381.32,252.41,NoMoveDuels,True,False,L
6,2026-03-31 20:09:41.910000+00:00,2026-03-31 20:15:11.883000+00:00,2643.0,0.0,2841493.07,6653598.17,2841.49,6653.6,NoMoveDuels,True,False,W
5,2026-04-01 00:01:38.691000+00:00,2026-04-01 00:06:03.118000+00:00,5506.0,0.0,2341168.92,5328187.06,2341.17,5328.19,NoMoveDuels,True,False,W
4,2026-04-02 21:07:12.569000+00:00,2026-04-02 21:09:42.089000+00:00,5683.0,0.0,725207.54,2510642.51,725.21,2510.64,NoMoveDuels,True,False,W
5,2026-04-02 21:11:13.127000+00:00,2026-04-02 21:16:12.654000+00:00,1233.0,0.0,2166921.7,3013107.02,2166.92,3013.1,NoMoveDuels,True,False,W
5,2026-04-02 21:16:36.929000+00:00,2026-04-02 21:21:12.310000+00:00,4097.0,0.0,2208138.65,6542823.81,2208.14,6542.82,NoMoveDuels,True,False,W
2,2026-04-03 09:01:35.823000+00:00,2026-04-03 09:02:58.692000+00:00,0.0,6000.0,8973287.9,251619.27,8973.29,251.62,NoMoveDuels,True,False,L
5,2026-04-03 09:03:24.631000+00:00,2026-04-03 09:07:38.155000+00:00,3907.0,0.0,623301.83,2778616.68,623.3,2778.62,NoMoveDuels,True,False,W
4,2026-04-03 20:24:06.717000+00:00,2026-04-03 20:27:05.550000+00:00,4956.0,0.0,1019112.06,7331076.68,1019.11,7331.08,NoMoveDuels,True,False,W
6,2026-04-03 20:27:32.342000+00:00,2026-04-03 20:33:37.856000+00:00,0.0,1886.0,6663989.17,4677735.27,6663.99,4677.73,NoMoveDuels,True,False,L
4,2026-04-05 09:38:46.662000+00:00,2026-04-05 09:41:23.832000+00:00,0.0,6000.0,7098539.74,5148249.86,7098.54,5148.25,NoMoveDuels,True,False,L
3,2026-04-05 09:41:46.467000+00:00,2026-04-05 09:44:19.340000+00:00,6000.0,0.0,670359.9,3471839.89,670.36,3471.84,NoMoveDuels,True,False,W
8,2026-04-05 09:44:50.233000+00:00,2026-04-05 09:52:35.842000+00:00,0.0,1605.0,1991774.95,1681986.03,1991.78,1681.99,NoMoveDuels,True,False,L
8,2026-04-05 15:59:49.414000+00:00,2026-04-05 16:07:05.744000+00:00,2126.0,0.0,894940.47,1792371.59,894.94,1792.37,NoMoveDuels,True,False,W
3,2026-04-07 13:41:52.768000+00:00,2026-04-07 13:43:49.614000+00:00,5747.0,0.0,824509.59,6725750.38,824.51,6725.75,NoMoveDuels,True,False,W
5,2026-04-07 13:44:16.390000+00:00,2026-04-07 13:47:23.676000+00:00,0.0,4422.0,1270480.21,744083.1,1270.48,744.08,NoMoveDuels,True,False,L
4,2026-04-07 13:47:46.664000+00:00,2026-04-07 13:50:13.149000+00:00,5666.0,0.0,382763.43,1406063.81,382.76,1406.06,NoMoveDuels,True,False,W
6,2026-04-07 14:12:23.980000+00:00,2026-04-07 14:16:30.366000+00:00,0.0,3506.0,6544765.08,3545083.54,6544.77,3545.08,NoMoveDuels,True,False,L
4,2026-04-07 14:16:43.696000+00:00,2026-04-07 14:19:28.491000+00:00,1644.0,0.0,1589695.86,4604736.77,1589.7,4604.74,NoMoveDuels,True,False,W
7,2026-04-07 14:19:58.376000+00:00,2026-04-07 14:25:37.206000+00:00,2292.0,0.0,535577.95,575875.86,535.58,575.88,NoMoveDuels,True,False,W
4,2026-04-07 16:16:30.065000+00:00,2026-04-07 16:19:20.609000+00:00,5793.0,0.0,335838.98,971415.42,335.84,971.42,NoMoveDuels,True,False,W
4,2026-04-07 16:19:56.605000+00:00,2026-04-07 16:23:44.887000+00:00,0.0,3487.0,2989065.36,2504925.76,2989.06,2504.93,NoMoveDuels,True,False,L
7,2026-04-07 16:24:06.332000+00:00,2026-04-07 16:29:18.395000+00:00,0.0,390.0,4038989.66,1267466.17,4038.99,1267.47,NoMoveDuels,True,False,L
5,2026-04-07 16:29:27.735000+00:00,2026-04-07 16:32:44.186000+00:00,1039.0,0.0,1880905.38,2961091.47,1880.9,2961.09,NoMoveDuels,True,False,W
2,2026-04-07 16:34:16.707000+00:00,2026-04-07 16:36:12.551000+00:00,6000.0,0.0,762646.19,9996017.77,762.65,9996.02,NmpzDuels,False,False,W
5,2026-04-07 16:36:41.492000+00:00,2026-04-07 16:39:11.422000+00:00,1594.0,0.0,2775324.31,3176835.66,2775.33,3176.84,NmpzDuels,True,False,W
5,2026-04-08 10:19:33.211000+00:00,2026-04-08 10:22:14.738000+00:00,0.0,1156.0,894557.64,644520.4,894.56,644.52,NmpzDuels,True,False,L
5,2026-04-08 10:22:30.727000+00:00,2026-04-08 10:26:03.606000+00:00,2194.0,0.0,5785400.53,4291173.7,5785.4,4291.17,NoMoveDuels,True,False,W
8,2026-04-08 11:45:35.074000+00:00,2026-04-08 11:51:44.273000+00:00,608.0,0.0,2174001.1,1850647.3,2174.0,1850.65,NoMoveDuels,True,False,W
5,2026-04-08 11:57:06.925000+00:00,2026-04-08 12:00:00.932000+00:00,1934.0,0.0,5186314.42,6354864.8,5186.32,6354.87,NoMoveDuels,True,False,W
4,2026-04-10 12:42:45.108000+00:00,2026-04-10 12:46:14.218000+00:00,0.0,2789.0,4440136.54,2907547.09,4440.14,2907.55,NoMoveDuels,False,False,L
3,2026-04-11 10:32:51.717000+00:00,2026-04-11 10:34:34.053000+00:00,0.0,6000.0,4515122.12,358894.34,4515.12,358.89,NmpzDuels,False,False,L
9,2026-04-11 14:21:19.918000+00:00,2026-04-11 14:30:49.563000+00:00,1363.0,0.0,2262503.01,2185330.74,2262.5,2185.33,NoMoveDuels,False,False,W
4,2026-04-11 14:31:35.226000+00:00,2026-04-11 14:35:06.669000+00:00,5551.0,0.0,1388370.83,5190570.2,1388.37,5190.57,NoMoveDuels,True,False,W
3,2026-04-11 14:35:30.805000+00:00,2026-04-11 14:37:48.994000+00:00,2087.0,0.0,6482380.55,3418907.05,6482.38,3418.91,NoMoveDuels,True,False,W
4,2026-04-12 15:53:41.684000+00:00,2026-04-12 15:56:05.019000+00:00,1373.0,0.0,726620.67,2764172.88,726.62,2764.17,NoMoveDuels,False,False,W
6,2026-04-13 09:54:54.663000+00:00,2026-04-13 09:58:59.380000+00:00,0.0,4924.0,614126.75,311172.18,614.13,311.17,NoMoveDuels,False,False,L
8,2026-04-13 15:09:26.704000+00:00,2026-04-13 15:15:35.232000+00:00,0.0,4642.0,1383490.94,1898042.16,1383.49,1898.04,NoMoveDuels,False,False,L
5,2026-04-14 08:45:40.994000+00:00,2026-04-14 08:48:48.893000+00:00,0.0,4858.0,2701488.53,1428164.08,2701.49,1428.16,NmpzDuels,False,False,L
5,2026-04-14 10:17:39.072000+00:00,2026-04-14 10:21:12.486000+00:00,555.0,0.0,2829152.12,1515225.81,2829.15,1515.23,NoMoveDuels,True,False,W
4,2026-04-15 10:00:21.058000+00:00,2026-04-15 10:03:52.918000+00:00,6000.0,0.0,811615.59,1937303.61,811.62,1937.3,NoMoveDuels,False,False,W
3,2026-04-15 10:04:01.719000+00:00,2026-04-15 10:07:50.539000+00:00,3111.0,0.0,1203848.52,5169742.24,1203.85,5169.74,NoMoveDuels,True,False,W
4,2026-04-15 10:08:09.368000+00:00,2026-04-15 10:11:32.217000+00:00,0.0,6000.0,1865470.84,831431.79,1865.47,831.44,NoMoveDuels,True,False,L
6,2026-04-15 13:49:12.068000+00:00,2026-04-15 13:53:33.746000+00:00,0.0,4259.0,2622415.26,1823904.89,2622.42,1823.9,NoMoveDuels,False,False,L
3,2026-04-15 13:54:08.046000+00:00,2026-04-15 13:55:50.477000+00:00,0.0,6000.0,2864553.21,671688.61,2864.55,671.69,NoMoveDuels,True,False,L
11,2026-04-15 13:56:02.417000+00:00,2026-04-15 14:04:17.086000+00:00,3363.0,0.0,2642369.5,3034567.97,2642.37,3034.57,NoMoveDuels,True,False,W
2,2026-04-15 14:04:26.909000+00:00,2026-04-15 14:05:52.096000+00:00,0.0,6000.0,4191342.14,98878.57,4191.34,98.88,NoMoveDuels,True,False,L
2,2026-04-15 14:06:13.407000+00:00,2026-04-15 14:07:15.327000+00:00,2492.0,4516.0,3902750.4,1154164.0,3902.75,1154.16,NoMoveDuels,True,False,L
4,2026-04-15 14:09:28.112000+00:00,2026-04-15 14:11:54.222000+00:00,0.0,5976.0,3768845.0,4437499.63,3768.84,4437.5,NoMoveDuels,True,False,L
4,2026-04-16 15:18:35.197000+00:00,2026-04-16 15:20:55.684000+00:00,2628.0,0.0,1897260.25,1163672.34,1897.26,1163.68,NoMoveDuels,False,False,W
6,2026-04-16 15:21:15.737000+00:00,2026-04-16 15:25:42.950000+00:00,0.0,4938.0,8914384.12,1487323.04,8914.38,1487.32,NoMoveDuels,True,False,L
5,2026-04-16 15:26:01.407000+00:00,2026-04-16 15:28:51.719000+00:00,0.0,2707.0,4374349.07,1209025.33,4374.35,1209.02,NoMoveDuels,True,False,L
5,2026-04-16 15:29:36.749000+00:00,2026-04-16 15:31:45.856000+00:00,1795.0,0.0,1584601.08,8011613.58,1584.6,8011.61,NmpzDuels,True,False,W
5,2026-04-16 15:33:25.194000+00:00,2026-04-16 15:35:43.326000+00:00,0.0,3600.0,1351184.87,931784.89,1351.18,931.78,NmpzDuels,True,False,L
3,2026-04-16 17:35:34.025000+00:00,2026-04-16 17:36:57.477000+00:00,6000.0,0.0,2467357.8,7328249.73,2467.36,7328.25,NmpzDuels,True,False,W
4,2026-04-16 17:37:20.211000+00:00,2026-04-16 17:39:32.386000+00:00,0.0,1931.0,3568179.46,2658981.58,3568.18,2658.98,NmpzDuels,True,False,L
5,2026-04-16 17:39:57.465000+00:00,2026-04-16 17:43:56.950000+00:00,2151.0,0.0,4119013.88,8209404.1,4119.02,8209.4,NoMoveDuels,True,False,W
4,2026-04-16 17:44:35.740000+00:00,2026-04-16 17:47:31.674000+00:00,5831.0,0.0,2830869.12,10854983.93,2830.87,10854.98,NmpzDuels,True,False,W
4,2026-04-20 18:07:02.185000+00:00,2026-04-20 18:09:40.264000+00:00,5973.0,0.0,721350.33,4172748.78,721.35,4172.75,NoMoveDuels,True,False,W
4,2026-04-20 23:18:42.364000+00:00,2026-04-20 23:22:36.414000+00:00,0.0,3336.0,5327023.55,1349308.32,5327.02,1349.31,NoMoveDuels,True,False,L
6,2026-04-20 23:38:20.576000+00:00,2026-04-20 23:43:32.638000+00:00,0.0,5532.0,2083789.04,1539972.81,2083.79,1539.97,NoMoveDuels,True,False,L
6,2026-04-21 11:02:35.907000+00:00,2026-04-21 11:07:11.904000+00:00,2755.0,0.0,1491607.81,3950289.05,1491.61,3950.29,NoMoveDuels,True,False,W
